2020-11-02 16:33:39.189749,0.08,,,,
2020-11-02 16:33:39.998347,11.89,,,1010.24,34.78
2020-11-02 16:33:40.163297,11.89,66.4306640625,34.37286376953125,1010.24,34.78
2020-11-02 16:33:40.793976,12.05,66.4306640625,34.37286376953125,1010.2,34.8
2020-11-02 16:33:41.168335,12.05,66.46728515625,34.403076171875,1010.2,34.8
2020-11-02 16:33:41.587842,12.06,66.46728515625,34.403076171875,1010.26,34.8
2020-11-02 16:33:42.171874,12.06,66.46728515625,34.403076171875,1010.26,34.8
2020-11-02 16:33:42.398306,12.14,66.46728515625,34.403076171875,1010.21,34.8
2020-11-02 16:33:43.178350,12.14,66.36962890625,34.41314697265625,1010.21,34.8
2020-11-02 16:33:43.193316,11.98,66.36962890625,34.41314697265625,1010.21,34.8
2020-11-02 16:33:43.986741,11.9,66.36962890625,34.41314697265625,1010.21,34.8
2020-11-02 16:33:44.168435,11.9,66.36962890625,34.41314697265625,1010.21,34.8
2020-11-02 16:33:44.797282,12.06,66.36962890625,34.41314697265625,1010.22,34.8
2020-11-02 16:33:45.172958,12.06,66.36962890625,34.403076171875,1010.22,34.8
2020-11-02 16:33:45.593341,12.06,66.36962890625,34.403076171875,1010.2,34.8
2020-11-02 16:33:46.178364,12.06,66.27197265625,34.403076171875,1010.2,34.8
2020-11-02 16:33:46.387969,11.98,66.27197265625,34.403076171875,1010.21,34.78
2020-11-02 16:33:47.183425,11.98,66.168212890625,34.403076171875,1010.21,34.78
2020-11-02 16:33:47.197648,11.97,66.168212890625,34.403076171875,1010.21,34.78
2020-11-02 16:33:47.993407,11.97,66.168212890625,34.403076171875,1010.16,34.79
2020-11-02 16:33:48.187958,11.97,66.168212890625,34.403076171875,1010.16,34.79
2020-11-02 16:33:48.787964,11.73,66.168212890625,34.403076171875,1010.18,34.78
2020-11-02 16:33:49.178501,11.73,66.070556640625,34.403076171875,1010.18,34.78
2020-11-02 16:33:49.597520,11.65,66.070556640625,34.403076171875,1010.2,34.8
2020-11-02 16:33:50.183418,11.65,65.972900390625,34.41314697265625,1010.2,34.8
2020-11-02 16:33:50.393432,11.41,65.972900390625,34.41314697265625,1010.21,34.79
2020-11-02 16:33:51.188039,11.41,65.972900390625,34.41314697265625,1010.21,34.79
2020-11-02 16:33:51.189382,11.81,65.972900390625,34.41314697265625,1010.21,34.79
2020-11-02 16:33:51.998435,11.89,65.972900390625,34.41314697265625,1010.21,34.79
2020-11-02 16:33:52.193415,11.89,65.875244140625,34.43328857421875,1010.21,34.79
2020-11-02 16:33:52.793429,11.89,65.875244140625,34.43328857421875,1010.18,34.79
2020-11-02 16:33:53.183432,11.89,65.777587890625,34.41314697265625,1010.18,34.79
2020-11-02 16:33:53.587000,11.73,65.777587890625,34.41314697265625,1010.24,34.79
2020-11-02 16:33:54.187989,11.73,65.777587890625,34.43328857421875,1010.24,34.79
2020-11-02 16:33:54.398424,12.13,65.777587890625,34.43328857421875,1010.22,34.79
2020-11-02 16:33:55.191984,13.34,65.777587890625,34.43328857421875,1010.22,34.79
2020-11-02 16:33:55.193101,13.34,65.679931640625,34.41314697265625,1010.22,34.79
2020-11-02 16:33:55.988004,66.98,65.679931640625,34.41314697265625,1010.21,34.79
2020-11-02 16:33:56.198454,66.98,65.679931640625,34.403076171875,1010.21,34.79
2020-11-02 16:33:56.798502,67.8,65.679931640625,34.403076171875,1010.2,34.78
2020-11-02 16:33:57.201959,67.8,65.679931640625,34.43328857421875,1010.2,34.78
2020-11-02 16:33:57.593427,47.88,65.679931640625,34.43328857421875,1010.21,34.78
2020-11-02 16:33:58.191938,47.88,65.679931640625,34.41314697265625,1010.21,34.78
2020-11-02 16:33:58.388063,40.57,65.679931640625,34.41314697265625,1010.26,34.78
2020-11-02 16:33:59.196936,36.88,65.679931640625,34.41314697265625,1010.26,34.78
2020-11-02 16:33:59.199140,36.88,65.777587890625,34.443359375,1010.26,34.78
2020-11-02 16:33:59.992396,35.99,65.777587890625,34.443359375,1010.22,34.78
2020-11-02 16:34:00.202143,35.99,65.777587890625,34.4635009765625,1010.22,34.78
2020-11-02 16:34:00.787932,31.41,65.777587890625,34.4635009765625,1010.23,34.79
2020-11-02 16:34:01.208534,31.41,65.777587890625,34.4635009765625,1010.23,34.79
2020-11-02 16:34:01.598482,29.48,65.777587890625,34.4635009765625,1010.2,34.79
2020-11-02 16:34:02.198570,29.48,65.777587890625,34.4635009765625,1010.2,34.79
2020-11-02 16:34:02.393529,26.68,65.777587890625,34.4635009765625,1010.21,34.78
2020-11-02 16:34:03.188080,22.42,65.777587890625,34.4635009765625,1010.21,34.78
2020-11-02 16:34:03.203518,22.42,65.679931640625,34.47357177734375,1010.21,34.78
2020-11-02 16:34:03.998537,21.29,65.679931640625,34.47357177734375,1010.22,34.79
2020-11-02 16:34:04.208616,21.29,65.679931640625,34.4635009765625,1010.22,34.79
2020-11-02 16:34:04.793565,20.97,65.679931640625,34.4635009765625,1010.2,34.79
2020-11-02 16:34:05.213662,20.97,65.679931640625,34.483642578125,1010.2,34.79
2020-11-02 16:34:05.588117,20.41,65.679931640625,34.483642578125,1010.21,34.79
2020-11-02 16:34:06.203570,20.41,65.582275390625,34.483642578125,1010.21,34.79
2020-11-02 16:34:06.413581,21.86,65.582275390625,34.483642578125,1010.21,34.8
2020-11-02 16:34:07.193568,21.94,65.582275390625,34.483642578125,1010.21,34.8
2020-11-02 16:34:07.208791,21.94,65.582275390625,34.5037841796875,1010.21,34.8
2020-11-02 16:34:07.988112,21.78,65.582275390625,34.5037841796875,1010.21,34.8
2020-11-02 16:34:08.212848,21.78,65.582275390625,34.5037841796875,1010.21,34.8
2020-11-02 16:34:08.798609,21.46,65.582275390625,34.5037841796875,1010.22,34.8
2020-11-02 16:34:09.218576,21.46,65.582275390625,34.51385498046875,1010.22,34.8
2020-11-02 16:34:09.593740,25.23,65.582275390625,34.51385498046875,1010.21,34.82
2020-11-02 16:34:10.223611,25.23,65.484619140625,34.51385498046875,1010.21,34.82
2020-11-02 16:34:10.388074,30.53,65.484619140625,34.51385498046875,1010.22,34.82
2020-11-02 16:34:11.198620,53.42,65.484619140625,34.51385498046875,1010.22,34.82
2020-11-02 16:34:11.213568,53.42,65.484619140625,34.53399658203125,1010.22,34.82
2020-11-02 16:34:11.993592,66.84,65.484619140625,34.53399658203125,1010.21,34.81
2020-11-02 16:34:12.218636,66.84,65.386962890625,34.53399658203125,1010.21,34.81
2020-11-02 16:34:12.787252,66.68,65.386962890625,34.53399658203125,1010.2,34.82
2020-11-02 16:34:13.223636,66.68,65.386962890625,34.55413818359375,1010.2,34.82
2020-11-02 16:34:13.597524,65.86,65.386962890625,34.55413818359375,1010.21,34.83
2020-11-02 16:34:14.228650,65.86,65.289306640625,34.55413818359375,1010.21,34.83
2020-11-02 16:34:14.394338,66.52,65.289306640625,34.55413818359375,1010.22,34.83
2020-11-02 16:34:15.188691,67.32000000000001,65.289306640625,34.55413818359375,1010.22,34.83
2020-11-02 16:34:15.218646,67.32000000000001,65.289306640625,34.55413818359375,1010.22,34.83
2020-11-02 16:34:15.983711,67.16,65.289306640625,34.55413818359375,1010.2,34.83
2020-11-02 16:34:16.224143,67.16,65.289306640625,34.53399658203125,1010.2,34.83
2020-11-02 16:34:16.793632,66.36,65.289306640625,34.53399658203125,1010.21,34.82
2020-11-02 16:34:17.228728,66.36,65.191650390625,34.55413818359375,1010.21,34.82
2020-11-02 16:34:17.588226,66.36,65.191650390625,34.55413818359375,1010.2,34.84
2020-11-02 16:34:18.249421,66.36,65.191650390625,34.564208984375,1010.2,34.84
2020-11-02 16:34:18.383767,65.38,65.191650390625,34.564208984375,1010.2,34.84
2020-11-02 16:34:19.193735,64.26,65.191650390625,34.564208984375,1010.22,34.85
2020-11-02 16:34:19.222624,64.26,65.191650390625,34.564208984375,1010.22,34.85
2020-11-02 16:34:19.988227,64.1,65.191650390625,34.564208984375,1010.2,34.83
2020-11-02 16:34:20.227612,64.1,65.087890625,34.564208984375,1010.2,34.83
2020-11-02 16:34:20.783545,64.58,65.087890625,34.564208984375,1010.18,34.83
2020-11-02 16:34:21.232313,64.58,65.087890625,34.5843505859375,1010.18,34.83
2020-11-02 16:34:21.608729,64.74,65.087890625,34.5843505859375,1010.18,34.83
2020-11-02 16:34:22.238764,64.74,65.087890625,34.59442138671875,1010.18,34.83
2020-11-02 16:34:22.387745,64.58,65.087890625,34.59442138671875,1010.18,34.83
2020-11-02 16:34:23.183418,64.1,65.087890625,34.59442138671875,1010.22,34.83
2020-11-02 16:34:23.258185,64.1,64.990234375,34.59442138671875,1010.22,34.83
2020-11-02 16:34:23.992648,63.940000000000005,64.990234375,34.59442138671875,1010.2,34.83
2020-11-02 16:34:24.233750,63.940000000000005,64.990234375,34.59442138671875,1010.2,34.83
2020-11-02 16:34:24.788798,63.620000000000005,64.990234375,34.59442138671875,1010.21,34.84
2020-11-02 16:34:25.238651,63.620000000000005,64.990234375,34.6044921875,1010.21,34.84
2020-11-02 16:34:25.583776,63.78,64.990234375,34.6044921875,1010.21,34.85
2020-11-02 16:34:26.243297,63.78,64.892578125,34.6246337890625,1010.21,34.85
2020-11-02 16:34:26.393761,63.300000000000004,64.892578125,34.6246337890625,1010.21,34.85
2020-11-02 16:34:27.188767,63.300000000000004,64.892578125,34.6246337890625,1010.2,34.84
2020-11-02 16:34:27.249368,63.300000000000004,64.892578125,34.6044921875,1010.2,34.84
2020-11-02 16:34:27.983849,62.980000000000004,64.892578125,34.6044921875,1010.2,34.84
2020-11-02 16:34:28.238879,62.980000000000004,64.892578125,34.59442138671875,1010.2,34.84
2020-11-02 16:34:28.792715,62.660000000000004,64.892578125,34.59442138671875,1010.23,34.85
2020-11-02 16:34:29.243346,62.660000000000004,64.892578125,34.6044921875,1010.23,34.85
2020-11-02 16:34:29.588351,60.24,64.892578125,34.6044921875,1010.21,34.84
2020-11-02 16:34:30.248796,60.24,64.794921875,34.59442138671875,1010.21,34.84
2020-11-02 16:34:30.383785,55.1,64.794921875,34.59442138671875,1010.21,34.84
2020-11-02 16:34:31.193174,56.56,64.794921875,34.59442138671875,1010.21,34.84
2020-11-02 16:34:31.252714,56.56,64.794921875,34.6044921875,1010.21,34.84
2020-11-02 16:34:31.988845,57.36,64.794921875,34.6044921875,1010.19,34.82
2020-11-02 16:34:32.242271,57.36,64.794921875,34.6044921875,1010.19,34.82
2020-11-02 16:34:32.783790,59.92,64.794921875,34.6044921875,1010.2,34.82
2020-11-02 16:34:33.248187,59.92,64.794921875,34.6044921875,1010.2,34.82
2020-11-02 16:34:33.608060,61.54,64.794921875,34.6044921875,1010.16,34.82
2020-11-02 16:34:34.253706,61.54,64.794921875,34.6044921875,1010.16,34.82
2020-11-02 16:34:34.388852,62.5,64.794921875,34.6044921875,1010.16,34.82
2020-11-02 16:34:35.183858,63.14,64.794921875,34.6044921875,1010.22,34.82
2020-11-02 16:34:35.258441,63.14,64.794921875,34.6246337890625,1010.22,34.82
2020-11-02 16:34:35.993889,63.300000000000004,64.794921875,34.6246337890625,1010.21,34.82
2020-11-02 16:34:36.263692,63.300000000000004,64.697265625,34.6044921875,1010.21,34.82
2020-11-02 16:34:36.788810,63.300000000000004,64.697265625,34.6044921875,1010.2,34.81
2020-11-02 16:34:37.253883,63.300000000000004,64.697265625,34.6044921875,1010.2,34.81
2020-11-02 16:34:37.583956,63.78,64.697265625,34.6044921875,1010.22,34.81
2020-11-02 16:34:38.257370,63.78,64.697265625,34.6246337890625,1010.22,34.81
2020-11-02 16:34:38.393872,64.42,64.697265625,34.6246337890625,1010.22,34.81
2020-11-02 16:34:39.188969,63.78,64.697265625,34.6246337890625,1010.21,34.8
2020-11-02 16:34:39.262930,63.78,64.697265625,34.63470458984375,1010.21,34.8
2020-11-02 16:34:39.983880,62.18,64.697265625,34.63470458984375,1010.19,34.8
2020-11-02 16:34:40.267943,62.18,64.697265625,34.6246337890625,1010.19,34.8
2020-11-02 16:34:40.793980,62.34,64.697265625,34.6246337890625,1010.2,34.8
2020-11-02 16:34:41.257544,62.34,64.697265625,34.6246337890625,1010.2,34.8
2020-11-02 16:34:41.588127,62.18,64.697265625,34.6246337890625,1010.22,34.8
2020-11-02 16:34:42.264004,62.18,64.697265625,34.6044921875,1010.22,34.8
2020-11-02 16:34:42.383174,62.5,64.697265625,34.6044921875,1010.22,34.8
2020-11-02 16:34:43.193937,62.82,64.697265625,34.6044921875,1010.22,34.8
2020-11-02 16:34:43.268967,62.82,64.697265625,34.6044921875,1010.22,34.8
2020-11-02 16:34:43.989053,62.660000000000004,64.697265625,34.6044921875,1010.21,34.79
2020-11-02 16:34:44.273467,62.660000000000004,64.697265625,34.6246337890625,1010.21,34.79
2020-11-02 16:34:44.783768,64.42,64.697265625,34.6246337890625,1010.2,34.8
2020-11-02 16:34:45.262926,64.42,64.697265625,34.6044921875,1010.2,34.8
2020-11-02 16:34:45.593398,65.06,64.697265625,34.6044921875,1010.18,34.79
2020-11-02 16:34:46.267920,65.06,64.697265625,34.6246337890625,1010.18,34.79
2020-11-02 16:34:46.387966,65.54,64.697265625,34.6246337890625,1010.18,34.79
2020-11-02 16:34:47.183957,65.54,64.697265625,34.6246337890625,1010.22,34.79
2020-11-02 16:34:47.273029,65.54,64.794921875,34.6044921875,1010.22,34.79
2020-11-02 16:34:47.993954,65.08,64.794921875,34.6044921875,1010.21,34.79
2020-11-02 16:34:48.278931,65.08,64.990234375,34.55413818359375,1010.21,34.79
2020-11-02 16:34:48.789038,65.22,64.990234375,34.55413818359375,1010.22,34.81
2020-11-02 16:34:49.283190,65.22,65.191650390625,34.564208984375,1010.22,34.81
2020-11-02 16:34:49.584011,64.58,65.191650390625,34.564208984375,1010.21,34.8
2020-11-02 16:34:50.274189,64.58,65.386962890625,34.5843505859375,1010.21,34.8
2020-11-02 16:34:50.392993,63.46,65.386962890625,34.5843505859375,1010.21,34.8
2020-11-02 16:34:51.188896,64.26,65.386962890625,34.5843505859375,1010.22,34.8
2020-11-02 16:34:51.277516,64.26,65.484619140625,34.564208984375,1010.22,34.8
2020-11-02 16:34:51.982900,64.26,65.484619140625,34.564208984375,1010.23,34.82
2020-11-02 16:34:52.284554,64.26,65.582275390625,34.5843505859375,1010.23,34.82
2020-11-02 16:34:52.793976,64.42,65.582275390625,34.5843505859375,1010.18,34.81
2020-11-02 16:34:53.288208,64.42,65.484619140625,34.59442138671875,1010.18,34.81
2020-11-02 16:34:53.589052,64.58,65.484619140625,34.59442138671875,1010.2,34.8
2020-11-02 16:34:54.279081,64.58,65.484619140625,34.5843505859375,1010.2,34.8
2020-11-02 16:34:54.383547,64.9,65.484619140625,34.5843505859375,1010.2,34.8
2020-11-02 16:34:55.194112,64.58,65.484619140625,34.5843505859375,1010.22,34.81
2020-11-02 16:34:55.284085,64.58,65.484619140625,34.59442138671875,1010.22,34.81
2020-11-02 16:34:56.004112,64.42,65.484619140625,34.59442138671875,1010.22,34.81
2020-11-02 16:34:56.289097,64.42,65.386962890625,34.5843505859375,1010.22,34.81
2020-11-02 16:34:56.784109,64.42,65.386962890625,34.5843505859375,1010.21,34.81
2020-11-02 16:34:57.294104,64.42,65.386962890625,34.59442138671875,1010.21,34.81
2020-11-02 16:34:57.594230,64.26,65.386962890625,34.59442138671875,1010.18,34.81
2020-11-02 16:34:58.283614,64.26,65.289306640625,34.6044921875,1010.18,34.81
2020-11-02 16:34:58.388943,64.42,65.289306640625,34.6044921875,1010.18,34.81
2020-11-02 16:34:59.182463,64.26,65.289306640625,34.6044921875,1010.19,34.82
2020-11-02 16:34:59.289236,64.26,65.289306640625,34.59442138671875,1010.19,34.82
2020-11-02 16:34:59.994144,64.26,65.289306640625,34.59442138671875,1010.22,34.82
2020-11-02 16:35:00.294451,64.26,65.191650390625,34.59442138671875,1010.22,34.82
2020-11-02 16:35:00.789141,64.26,65.191650390625,34.59442138671875,1010.28,34.82
2020-11-02 16:35:01.313593,64.26,65.191650390625,34.6044921875,1010.28,34.82
2020-11-02 16:35:01.583672,64.1,65.191650390625,34.6044921875,1010.22,34.83
2020-11-02 16:35:02.304145,64.1,65.087890625,34.6246337890625,1010.22,34.83
2020-11-02 16:35:02.394174,64.26,65.087890625,34.6246337890625,1010.22,34.83
2020-11-02 16:35:03.189448,64.42,65.087890625,34.6246337890625,1010.2,34.82
2020-11-02 16:35:03.293829,64.42,65.087890625,34.6246337890625,1010.2,34.82
2020-11-02 16:35:03.983735,64.26,65.087890625,34.6246337890625,1010.23,34.82
2020-11-02 16:35:04.298661,64.26,64.990234375,34.6246337890625,1010.23,34.82
2020-11-02 16:35:04.809175,64.26,64.990234375,34.6246337890625,1010.23,34.83
2020-11-02 16:35:05.303715,64.26,64.990234375,34.6246337890625,1010.23,34.83
2020-11-02 16:35:05.589203,64.26,64.990234375,34.6246337890625,1010.21,34.82
2020-11-02 16:35:06.309186,64.26,64.990234375,34.63470458984375,1010.21,34.82
2020-11-02 16:35:06.382654,64.42,64.990234375,34.63470458984375,1010.21,34.82
2020-11-02 16:35:07.179240,64.58,64.990234375,34.63470458984375,1010.21,34.84
2020-11-02 16:35:07.299293,64.58,64.892578125,34.63470458984375,1010.21,34.84
2020-11-02 16:35:07.989194,64.58,64.892578125,34.63470458984375,1010.2,34.84
2020-11-02 16:35:08.304236,64.58,64.892578125,34.63470458984375,1010.2,34.84
2020-11-02 16:35:08.783770,65.38,64.892578125,34.63470458984375,1010.19,34.83
2020-11-02 16:35:09.308178,65.38,64.794921875,34.6246337890625,1010.19,34.83
2020-11-02 16:35:09.579238,67.16,64.794921875,34.6246337890625,1010.2,34.83
2020-11-02 16:35:10.313132,67.16,64.794921875,34.6246337890625,1010.2,34.83
2020-11-02 16:35:10.388246,74.22,64.794921875,34.6246337890625,1010.2,34.83
2020-11-02 16:35:11.183789,77.28,64.794921875,34.6246337890625,1010.23,34.83
2020-11-02 16:35:11.303117,77.28,64.794921875,34.63470458984375,1010.23,34.83
2020-11-02 16:35:11.979319,78.56,64.794921875,34.63470458984375,1010.21,34.84
2020-11-02 16:35:12.308816,78.56,64.794921875,34.63470458984375,1010.21,34.84
2020-11-02 16:35:12.789290,79.86,64.794921875,34.63470458984375,1010.21,34.84
2020-11-02 16:35:13.314444,79.86,64.794921875,34.63470458984375,1010.21,34.84
2020-11-02 16:35:13.583784,79.36,64.794921875,34.63470458984375,1010.21,34.84
2020-11-02 16:35:14.317639,79.36,64.794921875,34.63470458984375,1010.21,34.84
2020-11-02 16:35:14.378191,79.2,64.794921875,34.63470458984375,1010.21,34.84
2020-11-02 16:35:15.188734,78.4,64.794921875,34.63470458984375,1010.2,34.85
2020-11-02 16:35:15.324312,78.4,64.794921875,34.63470458984375,1010.2,34.85
2020-11-02 16:35:15.984389,78.24,64.794921875,34.63470458984375,1010.26,34.86
2020-11-02 16:35:16.314294,78.24,64.697265625,34.6649169921875,1010.26,34.86
2020-11-02 16:35:16.778810,77.60000000000001,64.697265625,34.6649169921875,1010.21,34.86
2020-11-02 16:35:17.318181,77.60000000000001,64.697265625,34.65484619140625,1010.21,34.86
2020-11-02 16:35:17.589343,77.44,64.697265625,34.65484619140625,1010.24,34.87
2020-11-02 16:35:18.323238,77.44,64.697265625,34.63470458984375,1010.24,34.87
2020-11-02 16:35:18.383642,77.12,64.697265625,34.63470458984375,1010.24,34.87
2020-11-02 16:35:19.179349,76.96000000000001,64.697265625,34.63470458984375,1010.21,34.87
2020-11-02 16:35:19.328376,76.96000000000001,64.697265625,34.65484619140625,1010.21,34.87
2020-11-02 16:35:19.988855,76.96000000000001,64.697265625,34.65484619140625,1010.27,34.89
2020-11-02 16:35:20.319247,76.96000000000001,64.697265625,34.63470458984375,1010.27,34.89
2020-11-02 16:35:20.784199,76.64,64.697265625,34.63470458984375,1010.22,34.88
2020-11-02 16:35:21.323962,76.64,64.697265625,34.6246337890625,1010.22,34.88
2020-11-02 16:35:21.578218,76.48,64.697265625,34.6246337890625,1010.21,34.88
2020-11-02 16:35:22.329330,76.48,64.697265625,34.63470458984375,1010.21,34.88
2020-11-02 16:35:22.389332,76.48,64.697265625,34.63470458984375,1010.21,34.88
2020-11-02 16:35:23.183960,76.32000000000001,64.697265625,34.63470458984375,1010.21,34.88
2020-11-02 16:35:23.334405,76.32000000000001,64.697265625,34.65484619140625,1010.21,34.88
2020-11-02 16:35:23.979372,76.32000000000001,64.697265625,34.65484619140625,1010.23,34.88
2020-11-02 16:35:24.324485,76.32000000000001,64.599609375,34.63470458984375,1010.23,34.88
2020-11-02 16:35:24.789372,76.32000000000001,64.599609375,34.63470458984375,1010.22,34.89
2020-11-02 16:35:25.328377,76.32000000000001,64.599609375,34.65484619140625,1010.22,34.89
2020-11-02 16:35:25.583600,76.32000000000001,64.599609375,34.65484619140625,1010.22,34.9
2020-11-02 16:35:26.333223,76.32000000000001,64.599609375,34.65484619140625,1010.22,34.9
2020-11-02 16:35:26.378138,76.16,64.599609375,34.65484619140625,1010.22,34.9
2020-11-02 16:35:27.189168,76.32000000000001,64.599609375,34.65484619140625,1010.23,34.91
2020-11-02 16:35:27.338354,76.32000000000001,64.599609375,34.65484619140625,1010.23,34.91
2020-11-02 16:35:27.984018,76.16,64.599609375,34.65484619140625,1010.19,34.91
2020-11-02 16:35:28.343487,76.16,64.599609375,34.65484619140625,1010.19,34.91
2020-11-02 16:35:28.779429,75.68,64.599609375,34.65484619140625,1010.19,34.91
2020-11-02 16:35:29.333417,75.68,64.501953125,34.63470458984375,1010.19,34.91
2020-11-02 16:35:29.588985,75.68,64.501953125,34.63470458984375,1010.19,34.91
2020-11-02 16:35:30.338324,75.68,64.501953125,34.63470458984375,1010.19,34.92
2020-11-02 16:35:30.382922,75.84,64.501953125,34.63470458984375,1010.19,34.92
2020-11-02 16:35:31.179443,75.68,64.501953125,34.63470458984375,1010.19,34.92
2020-11-02 16:35:31.343357,75.68,64.501953125,34.65484619140625,1010.19,34.92
2020-11-02 16:35:31.989443,75.52,64.501953125,34.65484619140625,1010.14,34.92
2020-11-02 16:35:32.348336,75.52,64.501953125,34.63470458984375,1010.14,34.92
2020-11-02 16:35:32.784626,75.2,64.501953125,34.63470458984375,1010.2,34.92
2020-11-02 16:35:33.338375,75.2,64.501953125,34.6246337890625,1010.2,34.92
2020-11-02 16:35:33.579451,75.2,64.501953125,34.6246337890625,1010.2,34.92
2020-11-02 16:35:34.343370,75.2,64.501953125,34.6246337890625,1010.2,34.92
2020-11-02 16:35:34.388868,75.04,64.501953125,34.6246337890625,1010.2,34.92
2020-11-02 16:35:35.184518,73.74,64.501953125,34.6246337890625,1010.22,34.92
2020-11-02 16:35:35.348454,73.74,64.501953125,34.63470458984375,1010.22,34.92
2020-11-02 16:35:35.979484,64.44,64.501953125,34.63470458984375,1010.2,34.92
2020-11-02 16:35:36.353895,64.44,64.501953125,34.5843505859375,1010.2,34.92
2020-11-02 16:35:36.789471,58.82,64.501953125,34.5843505859375,1010.19,34.92
2020-11-02 16:35:37.343597,58.82,64.404296875,34.59442138671875,1010.19,34.92
2020-11-02 16:35:37.584533,53.2,64.404296875,34.59442138671875,1010.19,34.92
2020-11-02 16:35:38.349523,53.2,64.404296875,34.564208984375,1010.2,34.92
2020-11-02 16:35:38.379275,55.44,64.404296875,34.564208984375,1010.2,34.92
2020-11-02 16:35:39.188460,55.6,64.404296875,34.564208984375,1010.2,34.93
2020-11-02 16:35:39.354065,55.6,64.501953125,34.59442138671875,1010.2,34.93
2020-11-02 16:35:39.984540,56.88,64.501953125,34.59442138671875,1010.21,34.93
2020-11-02 16:35:40.359409,56.88,64.501953125,34.59442138671875,1010.21,34.93
2020-11-02 16:35:40.779539,55.6,64.501953125,34.59442138671875,1010.16,34.94
2020-11-02 16:35:41.379517,55.6,64.501953125,34.6044921875,1010.16,34.94
2020-11-02 16:35:41.606358,55.44,64.501953125,34.6044921875,1010.16,34.94
2020-11-02 16:35:42.354081,55.44,64.501953125,34.6044921875,1010.2,34.95
2020-11-02 16:35:42.384026,56.9,64.501953125,34.6044921875,1010.2,34.95
2020-11-02 16:35:43.193562,60.74,64.501953125,34.6044921875,1010.21,34.95
2020-11-02 16:35:43.359586,60.74,64.501953125,34.6044921875,1010.21,34.95
2020-11-02 16:35:43.990357,60.9,64.501953125,34.6044921875,1010.2,34.95
2020-11-02 16:35:44.362968,60.9,64.501953125,34.6044921875,1010.2,34.95
2020-11-02 16:35:44.784382,61.54,64.501953125,34.6044921875,1010.16,34.94
2020-11-02 16:35:45.369590,61.54,64.501953125,34.6246337890625,1010.16,34.94
2020-11-02 16:35:45.579588,61.7,64.501953125,34.6246337890625,1010.16,34.94
2020-11-02 16:35:46.359895,61.7,64.501953125,34.6246337890625,1010.21,34.95
2020-11-02 16:35:46.403351,61.06,64.501953125,34.6246337890625,1010.21,34.95
2020-11-02 16:35:47.185580,60.26,64.501953125,34.6246337890625,1010.19,34.96
2020-11-02 16:35:47.364424,60.26,64.501953125,34.6246337890625,1010.19,34.96
2020-11-02 16:35:47.979214,60.26,64.501953125,34.6246337890625,1010.2,34.96
2020-11-02 16:35:48.369395,60.26,64.501953125,34.63470458984375,1010.2,34.96
2020-11-02 16:35:48.790718,61.22,64.501953125,34.63470458984375,1010.2,34.95
2020-11-02 16:35:49.374058,61.22,64.501953125,34.65484619140625,1010.2,34.95
2020-11-02 16:35:49.583420,61.22,64.501953125,34.65484619140625,1010.2,34.95
2020-11-02 16:35:50.364193,61.22,64.501953125,34.65484619140625,1010.21,34.97
2020-11-02 16:35:50.386173,62.02,64.501953125,34.65484619140625,1010.21,34.97
2020-11-02 16:35:51.189403,61.7,64.501953125,34.65484619140625,1010.16,34.96
2020-11-02 16:35:51.369156,61.7,64.501953125,34.63470458984375,1010.16,34.96
2020-11-02 16:35:51.984288,61.86,64.501953125,34.63470458984375,1010.21,34.97
2020-11-02 16:35:52.374547,61.86,64.501953125,34.65484619140625,1010.21,34.97
2020-11-02 16:35:52.779564,61.86,64.501953125,34.65484619140625,1010.16,34.97
2020-11-02 16:35:53.408769,61.86,64.404296875,34.6649169921875,1010.16,34.97
2020-11-02 16:35:53.588739,61.86,64.404296875,34.6649169921875,1010.16,34.97
2020-11-02 16:35:54.384202,61.86,64.404296875,34.65484619140625,1010.2,34.97
2020-11-02 16:35:54.385105,61.7,64.404296875,34.65484619140625,1010.2,34.97
2020-11-02 16:35:55.178724,62.02,64.404296875,34.65484619140625,1010.21,34.96
2020-11-02 16:35:55.421095,62.02,64.404296875,34.6649169921875,1010.21,34.96
2020-11-02 16:35:55.988768,62.18,64.404296875,34.6649169921875,1010.19,34.96
2020-11-02 16:35:56.394290,62.18,64.404296875,34.65484619140625,1010.19,34.96
2020-11-02 16:35:56.784472,62.34,64.404296875,34.65484619140625,1010.21,34.95
2020-11-02 16:35:57.388603,62.34,64.404296875,34.6649169921875,1010.21,34.95
2020-11-02 16:35:57.579026,62.980000000000004,64.404296875,34.6649169921875,1010.21,34.95
2020-11-02 16:35:58.389774,62.34,64.404296875,34.6649169921875,1010.21,34.95
2020-11-02 16:35:58.391411,62.34,64.404296875,34.6649169921875,1010.21,34.95
2020-11-02 16:35:59.184590,61.86,64.404296875,34.6649169921875,1010.21,34.98
2020-11-02 16:35:59.379545,61.86,64.434814453125,34.68505859375,1010.21,34.98
2020-11-02 16:35:59.978863,62.02,64.434814453125,34.68505859375,1010.21,34.97
2020-11-02 16:36:00.383666,62.02,64.337158203125,34.68505859375,1010.21,34.97
2020-11-02 16:36:00.789248,62.02,64.337158203125,34.68505859375,1010.19,34.96
2020-11-02 16:36:01.388754,62.02,64.306640625,34.6649169921875,1010.19,34.96
2020-11-02 16:36:01.583011,61.86,64.306640625,34.6649169921875,1010.19,34.96
2020-11-02 16:36:02.378843,62.02,64.306640625,34.6649169921875,1010.21,34.98
2020-11-02 16:36:02.393563,62.02,64.306640625,34.65484619140625,1010.21,34.98
2020-11-02 16:36:03.174081,62.02,64.306640625,34.65484619140625,1010.21,34.98
2020-11-02 16:36:03.384614,62.02,64.306640625,34.65484619140625,1010.21,34.98
2020-11-02 16:36:03.983597,62.18,64.306640625,34.65484619140625,1010.22,34.99
2020-11-02 16:36:04.403923,62.18,64.306640625,34.63470458984375,1010.22,34.99
2020-11-02 16:36:04.779520,62.34,64.306640625,34.63470458984375,1010.22,34.99
2020-11-02 16:36:05.393162,62.34,64.306640625,34.6044921875,1010.22,34.99
2020-11-02 16:36:05.573461,62.18,64.306640625,34.6044921875,1010.22,34.99
2020-11-02 16:36:06.384007,62.34,64.306640625,34.6044921875,1010.21,34.99
2020-11-02 16:36:06.399560,62.34,64.404296875,34.59442138671875,1010.21,34.99
2020-11-02 16:36:07.179066,62.82,64.404296875,34.59442138671875,1010.21,35.0
2020-11-02 16:36:07.406713,62.82,64.404296875,34.6044921875,1010.21,35.0
2020-11-02 16:36:07.974386,63.300000000000004,64.404296875,34.6044921875,1010.21,35.0
2020-11-02 16:36:08.395263,63.300000000000004,64.404296875,34.6044921875,1010.21,35.0
2020-11-02 16:36:08.783736,62.82,64.404296875,34.6044921875,1010.2,35.0
2020-11-02 16:36:09.399655,62.82,64.404296875,34.6044921875,1010.2,35.0
2020-11-02 16:36:09.578306,62.660000000000004,64.404296875,34.6044921875,1010.2,35.0
2020-11-02 16:36:10.374781,63.14,64.404296875,34.6044921875,1010.21,35.0
2020-11-02 16:36:10.404517,63.14,64.404296875,34.6246337890625,1010.21,35.0
2020-11-02 16:36:11.184556,63.300000000000004,64.404296875,34.6246337890625,1010.21,35.0
2020-11-02 16:36:11.409219,63.300000000000004,64.404296875,34.6246337890625,1010.21,35.0
2020-11-02 16:36:11.978178,63.46,64.404296875,34.6246337890625,1010.22,35.01
2020-11-02 16:36:12.400124,63.46,64.404296875,34.63470458984375,1010.22,35.01
2020-11-02 16:36:12.774403,63.46,64.404296875,34.63470458984375,1010.21,34.99
2020-11-02 16:36:13.403640,63.46,64.404296875,34.6246337890625,1010.21,34.99
2020-11-02 16:36:13.586858,63.300000000000004,64.404296875,34.6246337890625,1010.21,34.99
2020-11-02 16:36:14.380071,63.300000000000004,64.404296875,34.6246337890625,1010.19,35.0
2020-11-02 16:36:14.408620,63.300000000000004,64.404296875,34.65484619140625,1010.19,35.0
2020-11-02 16:36:15.174740,63.300000000000004,64.404296875,34.65484619140625,1010.21,35.0
2020-11-02 16:36:15.414681,63.300000000000004,64.404296875,34.65484619140625,1010.21,35.0
2020-11-02 16:36:15.984785,63.300000000000004,64.404296875,34.65484619140625,1010.21,35.0
2020-11-02 16:36:16.404717,63.300000000000004,64.404296875,34.6649169921875,1010.21,35.0
2020-11-02 16:36:16.779090,63.300000000000004,64.404296875,34.6649169921875,1010.22,35.0
2020-11-02 16:36:17.408932,63.300000000000004,64.434814453125,34.68505859375,1010.22,35.0
2020-11-02 16:36:17.574055,63.46,64.434814453125,34.68505859375,1010.22,35.0
2020-11-02 16:36:18.383627,63.46,64.434814453125,34.68505859375,1010.24,35.01
2020-11-02 16:36:18.414758,63.46,64.434814453125,34.69512939453125,1010.24,35.01
2020-11-02 16:36:19.179318,63.46,64.434814453125,34.69512939453125,1010.24,35.02
2020-11-02 16:36:19.419396,63.46,64.434814453125,34.69512939453125,1010.24,35.02
2020-11-02 16:36:19.977380,63.620000000000005,64.434814453125,34.69512939453125,1010.24,35.01
2020-11-02 16:36:20.424764,63.620000000000005,64.337158203125,34.7052001953125,1010.24,35.01
2020-11-02 16:36:20.784060,63.78,64.337158203125,34.7052001953125,1010.22,35.01
2020-11-02 16:36:21.414878,63.78,64.337158203125,34.69512939453125,1010.22,35.01
2020-11-02 16:36:21.579254,63.78,64.337158203125,34.69512939453125,1010.22,35.01
2020-11-02 16:36:22.374676,63.78,64.337158203125,34.69512939453125,1010.22,35.01
2020-11-02 16:36:22.419526,63.78,64.337158203125,34.69512939453125,1010.22,35.01
2020-11-02 16:36:23.184812,63.620000000000005,64.337158203125,34.69512939453125,1010.21,35.0
2020-11-02 16:36:23.424817,63.620000000000005,64.337158203125,34.7052001953125,1010.21,35.0
2020-11-02 16:36:23.981009,64.1,64.337158203125,34.7052001953125,1010.21,35.0
2020-11-02 16:36:24.429005,64.1,64.337158203125,34.7052001953125,1010.21,35.0
2020-11-02 16:36:24.775143,64.1,64.337158203125,34.7052001953125,1010.23,35.0
2020-11-02 16:36:25.419653,64.1,64.337158203125,34.725341796875,1010.23,35.0
2020-11-02 16:36:25.584806,64.1,64.337158203125,34.725341796875,1010.23,35.0
2020-11-02 16:36:26.379360,64.74,64.337158203125,34.725341796875,1010.23,34.99
2020-11-02 16:36:26.424496,64.74,64.239501953125,34.725341796875,1010.23,34.99
2020-11-02 16:36:27.174806,63.620000000000005,64.239501953125,34.725341796875,1010.22,34.99
2020-11-02 16:36:27.428698,63.620000000000005,64.239501953125,34.725341796875,1010.22,34.99
2020-11-02 16:36:27.984812,63.46,64.239501953125,34.725341796875,1010.21,35.0
2020-11-02 16:36:28.433743,63.46,64.239501953125,34.7454833984375,1010.21,35.0
2020-11-02 16:36:28.779282,62.18,64.239501953125,34.7454833984375,1010.23,35.0
2020-11-02 16:36:29.423611,62.18,64.239501953125,34.7454833984375,1010.23,35.0
2020-11-02 16:36:29.574697,62.02,64.239501953125,34.7454833984375,1010.23,35.0
2020-11-02 16:36:30.383703,62.18,64.239501953125,34.7454833984375,1010.24,35.0
2020-11-02 16:36:30.428713,62.18,64.239501953125,34.75555419921875,1010.24,35.0
2020-11-02 16:36:31.180087,62.82,64.239501953125,34.75555419921875,1010.22,35.0
2020-11-02 16:36:31.433731,62.82,64.239501953125,34.77569580078125,1010.22,35.0
2020-11-02 16:36:31.974858,62.980000000000004,64.239501953125,34.77569580078125,1010.24,35.02
2020-11-02 16:36:32.438728,62.980000000000004,64.239501953125,34.77569580078125,1010.24,35.02
2020-11-02 16:36:32.784847,62.660000000000004,64.239501953125,34.77569580078125,1010.23,35.02
2020-11-02 16:36:33.444270,62.660000000000004,64.239501953125,34.75555419921875,1010.23,35.02
2020-11-02 16:36:33.579405,62.660000000000004,64.239501953125,34.75555419921875,1010.23,35.02
2020-11-02 16:36:34.375060,62.5,64.239501953125,34.75555419921875,1010.21,35.03
2020-11-02 16:36:34.434741,62.5,64.239501953125,34.77569580078125,1010.21,35.03
2020-11-02 16:36:35.185538,61.7,64.239501953125,34.77569580078125,1010.26,35.03
2020-11-02 16:36:35.439607,61.7,64.239501953125,34.75555419921875,1010.26,35.03
2020-11-02 16:36:35.979052,62.02,64.239501953125,34.75555419921875,1010.22,35.03
2020-11-02 16:36:36.444827,62.02,64.239501953125,34.7454833984375,1010.22,35.03
2020-11-02 16:36:36.774115,59.94,64.239501953125,34.7454833984375,1010.27,35.05
2020-11-02 16:36:37.449189,59.94,64.239501953125,34.7454833984375,1010.27,35.05
2020-11-02 16:36:37.584949,59.300000000000004,64.239501953125,34.7454833984375,1010.27,35.05
2020-11-02 16:36:38.379002,59.620000000000005,64.239501953125,34.7454833984375,1010.28,35.05
2020-11-02 16:36:38.470104,59.620000000000005,64.141845703125,34.75555419921875,1010.28,35.05
2020-11-02 16:36:39.174409,60.9,64.141845703125,34.75555419921875,1010.3,35.07
2020-11-02 16:36:39.447392,60.9,64.141845703125,34.7454833984375,1010.3,35.07
2020-11-02 16:36:39.985308,61.06,64.141845703125,34.7454833984375,1010.26,35.06
2020-11-02 16:36:40.449247,61.06,64.141845703125,34.75555419921875,1010.26,35.06
2020-11-02 16:36:40.779904,61.06,64.141845703125,34.75555419921875,1010.27,35.07
2020-11-02 16:36:41.455081,61.06,64.141845703125,34.7454833984375,1010.27,35.07
2020-11-02 16:36:41.577856,60.74,64.141845703125,34.7454833984375,1010.27,35.07
2020-11-02 16:36:42.385199,60.9,64.141845703125,34.7454833984375,1010.23,35.08
2020-11-02 16:36:42.446108,60.9,64.141845703125,34.7454833984375,1010.23,35.08
2020-11-02 16:36:43.179507,60.42,64.141845703125,34.7454833984375,1010.26,35.09
2020-11-02 16:36:43.449586,60.42,64.239501953125,34.7454833984375,1010.26,35.09
2020-11-02 16:36:43.977769,60.26,64.239501953125,34.7454833984375,1010.27,35.1
2020-11-02 16:36:44.455157,60.26,64.141845703125,34.7454833984375,1010.27,35.1
2020-11-02 16:36:44.784394,60.1,64.141845703125,34.7454833984375,1010.27,35.1
2020-11-02 16:36:45.459732,60.1,64.141845703125,34.7454833984375,1010.24,35.1
2020-11-02 16:36:45.578783,59.94,64.141845703125,34.7454833984375,1010.24,35.1
2020-11-02 16:36:46.373908,59.94,64.141845703125,34.7454833984375,1010.22,35.1
2020-11-02 16:36:46.463564,59.94,64.141845703125,34.7454833984375,1010.22,35.1
2020-11-02 16:36:47.184772,59.46,64.141845703125,34.7454833984375,1010.26,35.1
2020-11-02 16:36:47.454873,59.46,64.141845703125,34.7052001953125,1010.26,35.1
2020-11-02 16:36:47.979848,58.64,64.141845703125,34.7052001953125,1010.28,35.1
2020-11-02 16:36:48.459830,58.64,64.141845703125,34.69512939453125,1010.28,35.1
2020-11-02 16:36:48.776676,58.160000000000004,64.141845703125,34.69512939453125,1010.28,35.1
2020-11-02 16:36:49.465413,58.160000000000004,64.141845703125,34.7052001953125,1010.22,35.1
2020-11-02 16:36:49.584980,58.64,64.141845703125,34.7052001953125,1010.22,35.1
2020-11-02 16:36:50.380010,58.800000000000004,64.141845703125,34.7052001953125,1010.23,35.1
2020-11-02 16:36:50.469094,58.800000000000004,64.141845703125,34.7052001953125,1010.23,35.1
2020-11-02 16:36:51.174049,58.800000000000004,64.141845703125,34.7052001953125,1010.24,35.11
2020-11-02 16:36:51.459852,58.800000000000004,64.141845703125,34.725341796875,1010.24,35.11
2020-11-02 16:36:51.984044,58.96,64.141845703125,34.725341796875,1010.24,35.1
2020-11-02 16:36:52.464395,58.96,64.141845703125,34.725341796875,1010.24,35.1
2020-11-02 16:36:52.779933,58.800000000000004,64.141845703125,34.725341796875,1010.24,35.1
2020-11-02 16:36:53.470619,58.800000000000004,64.141845703125,34.725341796875,1010.28,35.11
2020-11-02 16:36:53.575150,58.800000000000004,64.141845703125,34.725341796875,1010.28,35.11
2020-11-02 16:36:54.370449,58.64,64.141845703125,34.725341796875,1010.24,35.11
2020-11-02 16:36:54.475072,58.64,64.141845703125,34.725341796875,1010.24,35.11
2020-11-02 16:36:55.179206,58.480000000000004,64.141845703125,34.725341796875,1010.27,35.12
2020-11-02 16:36:55.480055,58.480000000000004,64.141845703125,34.7454833984375,1010.27,35.12
2020-11-02 16:36:55.974988,58.480000000000004,64.141845703125,34.7454833984375,1010.22,35.11
2020-11-02 16:36:56.470142,58.480000000000004,64.141845703125,34.725341796875,1010.22,35.11
2020-11-02 16:36:56.769718,58.32,64.141845703125,34.725341796875,1010.22,35.11
2020-11-02 16:36:57.474060,58.32,64.141845703125,34.725341796875,1010.23,35.1
2020-11-02 16:36:57.579319,58.32,64.141845703125,34.725341796875,1010.23,35.1
2020-11-02 16:36:58.374852,58.480000000000004,64.141845703125,34.725341796875,1010.26,35.11
2020-11-02 16:36:58.478861,58.480000000000004,64.141845703125,34.725341796875,1010.26,35.11
2020-11-02 16:36:59.170073,60.1,64.141845703125,34.725341796875,1010.26,35.09
2020-11-02 16:36:59.486236,60.1,64.141845703125,34.725341796875,1010.26,35.09
2020-11-02 16:36:59.979825,59.300000000000004,64.141845703125,34.725341796875,1010.28,35.11
2020-11-02 16:37:00.474948,59.300000000000004,64.141845703125,34.725341796875,1010.28,35.11
2020-11-02 16:37:00.773579,58.980000000000004,64.141845703125,34.725341796875,1010.28,35.11
2020-11-02 16:37:01.479656,58.980000000000004,64.141845703125,34.7454833984375,1010.24,35.12
2020-11-02 16:37:01.569719,59.46,64.141845703125,34.7454833984375,1010.24,35.12
2020-11-02 16:37:02.380060,59.46,64.141845703125,34.7454833984375,1010.24,35.12
2020-11-02 16:37:02.484933,59.46,64.141845703125,34.75555419921875,1010.24,35.12
2020-11-02 16:37:03.174887,59.620000000000005,64.141845703125,34.75555419921875,1010.22,35.1
2020-11-02 16:37:03.490109,59.620000000000005,64.141845703125,34.7454833984375,1010.22,35.1
2020-11-02 16:37:03.970096,59.620000000000005,64.141845703125,34.7454833984375,1010.26,35.1
2020-11-02 16:37:04.479973,59.620000000000005,64.141845703125,34.7454833984375,1010.26,35.1
2020-11-02 16:37:04.779132,59.620000000000005,64.141845703125,34.7454833984375,1010.26,35.1
2020-11-02 16:37:05.485139,59.620000000000005,64.141845703125,34.75555419921875,1010.22,35.1
2020-11-02 16:37:05.575116,59.620000000000005,64.141845703125,34.75555419921875,1010.22,35.1
2020-11-02 16:37:06.370229,57.84,64.141845703125,34.75555419921875,1010.28,35.11
2020-11-02 16:37:06.489706,57.84,64.141845703125,34.75555419921875,1010.28,35.11
2020-11-02 16:37:07.195166,58.18,64.141845703125,34.75555419921875,1010.27,35.11
2020-11-02 16:37:07.494090,58.18,64.141845703125,34.75555419921875,1010.27,35.11
2020-11-02 16:37:07.978341,57.84,64.141845703125,34.75555419921875,1010.27,35.1
2020-11-02 16:37:08.499551,57.84,64.141845703125,34.77569580078125,1010.27,35.1
2020-11-02 16:37:08.769079,57.68,64.141845703125,34.77569580078125,1010.27,35.1
2020-11-02 16:37:09.489137,57.68,64.141845703125,34.77569580078125,1010.24,35.1
2020-11-02 16:37:09.580602,57.84,64.141845703125,34.77569580078125,1010.24,35.1
2020-11-02 16:37:10.375592,58.0,64.141845703125,34.77569580078125,1010.27,35.1
2020-11-02 16:37:10.494234,58.0,64.141845703125,34.77569580078125,1010.27,35.1
2020-11-02 16:37:11.170120,57.52,64.141845703125,34.77569580078125,1010.26,35.1
2020-11-02 16:37:11.499236,57.52,64.141845703125,34.77569580078125,1010.26,35.1
2020-11-02 16:37:11.980412,57.36,64.141845703125,34.77569580078125,1010.24,35.1
2020-11-02 16:37:12.505410,57.36,64.141845703125,34.77569580078125,1010.24,35.1
2020-11-02 16:37:12.777280,56.08,64.141845703125,34.77569580078125,1010.24,35.1
2020-11-02 16:37:13.495083,56.08,64.141845703125,34.77569580078125,1010.28,35.11
2020-11-02 16:37:13.569123,56.24,64.141845703125,34.77569580078125,1010.28,35.11
2020-11-02 16:37:14.379669,55.92,64.141845703125,34.77569580078125,1010.24,35.09
2020-11-02 16:37:14.500222,55.92,64.141845703125,34.77569580078125,1010.24,35.09
2020-11-02 16:37:15.174947,56.08,64.141845703125,34.77569580078125,1010.23,35.09
2020-11-02 16:37:15.505045,56.08,64.141845703125,34.75555419921875,1010.23,35.09
2020-11-02 16:37:15.969785,56.08,64.141845703125,34.75555419921875,1010.29,35.09
2020-11-02 16:37:16.510289,56.08,64.141845703125,34.77569580078125,1010.29,35.09
2020-11-02 16:37:16.780210,56.08,64.141845703125,34.77569580078125,1010.29,35.09
2020-11-02 16:37:17.500321,56.08,64.044189453125,34.77569580078125,1010.28,35.09
2020-11-02 16:37:17.574791,56.08,64.044189453125,34.77569580078125,1010.28,35.09
2020-11-02 16:37:18.370149,55.92,64.044189453125,34.77569580078125,1010.24,35.08
2020-11-02 16:37:18.504804,55.92,64.141845703125,34.805908203125,1010.24,35.08
2020-11-02 16:37:19.180171,55.6,64.141845703125,34.805908203125,1010.23,35.08
2020-11-02 16:37:19.510157,55.6,64.044189453125,34.7857666015625,1010.23,35.08
2020-11-02 16:37:19.975354,55.44,64.044189453125,34.7857666015625,1010.24,35.08
2020-11-02 16:37:20.514926,55.44,64.044189453125,34.77569580078125,1010.24,35.08
2020-11-02 16:37:20.769686,55.6,64.044189453125,34.77569580078125,1010.24,35.08
2020-11-02 16:37:21.520209,55.6,64.044189453125,34.7857666015625,1010.29,35.09
2020-11-02 16:37:21.580075,55.76,64.044189453125,34.7857666015625,1010.29,35.09
2020-11-02 16:37:22.373967,55.76,64.044189453125,34.7857666015625,1010.24,35.08
2020-11-02 16:37:22.509893,55.76,64.044189453125,34.7857666015625,1010.24,35.08
2020-11-02 16:37:23.170288,55.6,64.044189453125,34.7857666015625,1010.26,35.07
2020-11-02 16:37:23.515450,55.6,64.044189453125,34.7857666015625,1010.26,35.07
2020-11-02 16:37:23.995133,55.6,64.044189453125,34.7857666015625,1010.24,35.07
2020-11-02 16:37:24.520587,55.6,64.044189453125,34.7857666015625,1010.24,35.07
2020-11-02 16:37:24.789885,54.64,64.044189453125,34.7857666015625,1010.24,35.07
2020-11-02 16:37:25.525295,54.64,64.044189453125,34.75555419921875,1010.28,35.07
2020-11-02 16:37:25.570420,54.0,64.044189453125,34.75555419921875,1010.28,35.07
2020-11-02 16:37:26.380310,54.0,64.044189453125,34.75555419921875,1010.29,35.08
2020-11-02 16:37:26.515076,54.0,64.044189453125,34.75555419921875,1010.29,35.08
2020-11-02 16:37:27.174905,54.160000000000004,64.044189453125,34.75555419921875,1010.26,35.08
2020-11-02 16:37:27.520325,54.160000000000004,64.044189453125,34.75555419921875,1010.26,35.08
2020-11-02 16:37:27.970348,54.32,64.044189453125,34.75555419921875,1010.26,35.07
2020-11-02 16:37:28.525121,54.32,64.044189453125,34.7052001953125,1010.26,35.07
2020-11-02 16:37:28.780030,54.32,64.044189453125,34.7052001953125,1010.26,35.07
2020-11-02 16:37:29.530413,54.32,64.044189453125,34.725341796875,1010.28,35.06
2020-11-02 16:37:29.574843,54.32,64.044189453125,34.725341796875,1010.28,35.06
2020-11-02 16:37:30.370447,54.32,64.044189453125,34.725341796875,1010.29,35.07
2020-11-02 16:37:30.520483,54.32,64.044189453125,34.725341796875,1010.29,35.07
2020-11-02 16:37:31.179526,54.160000000000004,64.044189453125,34.725341796875,1010.29,35.07
2020-11-02 16:37:31.523996,54.160000000000004,64.141845703125,34.7454833984375,1010.29,35.07
2020-11-02 16:37:31.974478,54.32,64.141845703125,34.7454833984375,1010.28,35.07
2020-11-02 16:37:32.529034,54.32,64.141845703125,34.7454833984375,1010.28,35.07
2020-11-02 16:37:32.770793,54.64,64.141845703125,34.7454833984375,1010.28,35.07
2020-11-02 16:37:33.535304,54.64,64.141845703125,34.7454833984375,1010.29,35.06
2020-11-02 16:37:33.579258,54.480000000000004,64.141845703125,34.7454833984375,1010.29,35.06
2020-11-02 16:37:34.375257,54.160000000000004,64.141845703125,34.7454833984375,1010.29,35.05
2020-11-02 16:37:34.540237,54.160000000000004,64.141845703125,34.7454833984375,1010.29,35.05
2020-11-02 16:37:35.169779,54.32,64.141845703125,34.7454833984375,1010.29,35.06
2020-11-02 16:37:35.530109,54.32,64.141845703125,34.75555419921875,1010.29,35.06
2020-11-02 16:37:35.980264,54.32,64.141845703125,34.75555419921875,1010.29,35.06
2020-11-02 16:37:36.535280,54.32,64.141845703125,34.77569580078125,1010.29,35.06
2020-11-02 16:37:36.774529,54.32,64.141845703125,34.77569580078125,1010.29,35.06
2020-11-02 16:37:37.540455,54.32,64.141845703125,34.75555419921875,1010.29,35.06
2020-11-02 16:37:37.570240,54.32,64.141845703125,34.75555419921875,1010.29,35.06
2020-11-02 16:37:38.380430,54.480000000000004,64.141845703125,34.75555419921875,1010.27,35.06
2020-11-02 16:37:38.545130,54.480000000000004,64.141845703125,34.77569580078125,1010.27,35.06
2020-11-02 16:37:39.175562,54.800000000000004,64.141845703125,34.77569580078125,1010.28,35.06
2020-11-02 16:37:39.535398,54.800000000000004,64.141845703125,34.7857666015625,1010.28,35.06
2020-11-02 16:37:39.970950,54.96,64.141845703125,34.7857666015625,1010.29,35.06
2020-11-02 16:37:40.539841,54.96,64.141845703125,34.805908203125,1010.29,35.06
2020-11-02 16:37:40.780509,55.120000000000005,64.141845703125,34.805908203125,1010.29,35.06
2020-11-02 16:37:41.545040,55.120000000000005,64.141845703125,34.7857666015625,1010.26,35.06
2020-11-02 16:37:41.575206,55.28,64.141845703125,34.7857666015625,1010.26,35.06
2020-11-02 16:37:42.370584,55.44,64.141845703125,34.7857666015625,1010.28,35.06
2020-11-02 16:37:42.550411,55.44,64.141845703125,34.805908203125,1010.28,35.06
2020-11-02 16:37:43.179630,55.28,64.141845703125,34.805908203125,1010.24,35.06
2020-11-02 16:37:43.540659,55.28,64.141845703125,34.7857666015625,1010.24,35.06
2020-11-02 16:37:43.975010,55.28,64.141845703125,34.7857666015625,1010.27,35.06
2020-11-02 16:37:44.545037,55.28,64.141845703125,34.805908203125,1010.27,35.06
2020-11-02 16:37:44.770259,55.6,64.141845703125,34.805908203125,1010.27,35.06
2020-11-02 16:37:45.550343,55.6,64.141845703125,34.805908203125,1010.28,35.06
2020-11-02 16:37:45.580511,56.56,64.141845703125,34.805908203125,1010.28,35.06
2020-11-02 16:37:46.375505,57.22,64.141845703125,34.805908203125,1010.28,35.06
2020-11-02 16:37:46.555617,57.22,64.141845703125,34.81597900390625,1010.28,35.06
2020-11-02 16:37:47.170916,58.660000000000004,64.141845703125,34.81597900390625,1010.27,35.06
2020-11-02 16:37:47.560109,58.660000000000004,64.141845703125,34.81597900390625,1010.27,35.06
2020-11-02 16:37:47.965591,58.82,64.141845703125,34.81597900390625,1010.27,35.05
2020-11-02 16:37:48.550517,58.82,64.044189453125,34.805908203125,1010.27,35.05
2020-11-02 16:37:48.774493,58.660000000000004,64.044189453125,34.805908203125,1010.27,35.05
2020-11-02 16:37:49.555506,58.660000000000004,64.044189453125,34.8260498046875,1010.28,35.06
2020-11-02 16:37:49.570621,58.18,64.044189453125,34.8260498046875,1010.28,35.06
2020-11-02 16:37:50.365532,57.54,64.044189453125,34.8260498046875,1010.28,35.05
2020-11-02 16:37:50.559966,57.54,64.044189453125,34.81597900390625,1010.28,35.05
2020-11-02 16:37:51.175573,57.54,64.044189453125,34.81597900390625,1010.27,35.05
2020-11-02 16:37:51.565435,57.54,64.044189453125,34.8260498046875,1010.27,35.05
2020-11-02 16:37:51.970345,57.54,64.044189453125,34.8260498046875,1010.26,35.05
2020-11-02 16:37:52.554979,57.54,64.044189453125,34.8260498046875,1010.26,35.05
2020-11-02 16:37:52.765557,57.86,64.044189453125,34.8260498046875,1010.26,35.05
2020-11-02 16:37:53.560579,57.86,63.946533203125,34.84619140625,1010.28,35.05
2020-11-02 16:37:53.575546,58.18,63.946533203125,34.84619140625,1010.28,35.05
2020-11-02 16:37:54.370612,58.18,63.946533203125,34.84619140625,1010.24,35.06
2020-11-02 16:37:54.565564,58.18,63.946533203125,34.8260498046875,1010.24,35.06
2020-11-02 16:37:55.165255,58.02,63.946533203125,34.8260498046875,1010.27,35.05
2020-11-02 16:37:55.569583,58.02,63.946533203125,34.85626220703125,1010.27,35.05
2020-11-02 16:37:55.975320,58.02,63.946533203125,34.85626220703125,1010.27,35.05
2020-11-02 16:37:56.560143,58.02,63.946533203125,34.8260498046875,1010.29,35.05
2020-11-02 16:37:56.771844,58.02,63.946533203125,34.8260498046875,1010.29,35.05
2020-11-02 16:37:57.564203,58.02,63.946533203125,34.85626220703125,1010.22,35.04
2020-11-02 16:37:57.566028,58.02,63.946533203125,34.85626220703125,1010.22,35.04
2020-11-02 16:37:58.375326,57.86,63.946533203125,34.85626220703125,1010.26,35.05
2020-11-02 16:37:58.570585,57.86,63.8427734375,34.84619140625,1010.26,35.05
2020-11-02 16:37:59.170666,57.86,63.8427734375,34.84619140625,1010.26,35.05
2020-11-02 16:37:59.574544,57.86,63.8427734375,34.84619140625,1010.26,35.05
2020-11-02 16:37:59.965629,57.86,63.8427734375,34.84619140625,1010.26,35.05
2020-11-02 16:38:00.581990,57.86,63.8427734375,34.85626220703125,1010.24,35.06
2020-11-02 16:38:00.777943,57.86,63.8427734375,34.85626220703125,1010.24,35.06
2020-11-02 16:38:01.569925,57.7,63.8427734375,34.85626220703125,1010.29,35.06
2020-11-02 16:38:01.571234,57.7,64.044189453125,34.85626220703125,1010.29,35.06
2020-11-02 16:38:02.364723,57.86,64.044189453125,34.85626220703125,1010.27,35.06
2020-11-02 16:38:02.574551,57.86,63.8427734375,34.84619140625,1010.27,35.06
2020-11-02 16:38:03.175481,58.02,63.8427734375,34.84619140625,1010.28,35.06
2020-11-02 16:38:03.579959,58.02,63.8427734375,34.87640380859375,1010.28,35.06
2020-11-02 16:38:03.970055,57.86,63.8427734375,34.87640380859375,1010.28,35.06
2020-11-02 16:38:04.585648,57.86,63.8427734375,34.85626220703125,1010.28,35.05
2020-11-02 16:38:04.765787,57.86,63.8427734375,34.85626220703125,1010.28,35.05
2020-11-02 16:38:05.574689,58.02,63.8427734375,34.85626220703125,1010.26,35.06
2020-11-02 16:38:05.575811,58.02,63.8427734375,34.87640380859375,1010.26,35.06
2020-11-02 16:38:06.370504,58.02,63.8427734375,34.87640380859375,1010.29,35.05
2020-11-02 16:38:06.580530,58.02,63.8427734375,34.87640380859375,1010.29,35.05
2020-11-02 16:38:07.165119,57.86,63.8427734375,34.87640380859375,1010.29,35.05
2020-11-02 16:38:07.585517,57.86,63.8427734375,34.87640380859375,1010.29,35.05
2020-11-02 16:38:07.975524,58.02,63.8427734375,34.87640380859375,1010.29,35.05
2020-11-02 16:38:08.590968,58.02,63.8427734375,34.87640380859375,1010.29,35.06
2020-11-02 16:38:08.771645,57.86,63.8427734375,34.87640380859375,1010.29,35.06
2020-11-02 16:38:09.564944,57.86,63.8427734375,34.87640380859375,1010.26,35.06
2020-11-02 16:38:09.594885,57.86,63.8427734375,34.87640380859375,1010.26,35.06
2020-11-02 16:38:10.375770,57.86,63.8427734375,34.87640380859375,1010.26,35.06
2020-11-02 16:38:10.585944,57.86,63.8427734375,34.886474609375,1010.26,35.06
2020-11-02 16:38:11.170584,58.02,63.8427734375,34.886474609375,1010.29,35.07
2020-11-02 16:38:11.590601,58.02,63.8427734375,34.886474609375,1010.29,35.07
2020-11-02 16:38:11.964794,58.18,63.8427734375,34.886474609375,1010.29,35.07
2020-11-02 16:38:12.595746,58.18,63.7451171875,34.886474609375,1010.29,35.07
2020-11-02 16:38:12.775709,57.86,63.7451171875,34.886474609375,1010.29,35.07
2020-11-02 16:38:13.570527,58.02,63.7451171875,34.886474609375,1010.29,35.08
2020-11-02 16:38:13.599640,58.02,63.7451171875,34.87640380859375,1010.29,35.08
2020-11-02 16:38:14.382689,58.18,63.7451171875,34.87640380859375,1010.28,35.06
2020-11-02 16:38:14.590932,58.18,63.7451171875,34.9066162109375,1010.28,35.06
2020-11-02 16:38:15.175386,58.18,63.7451171875,34.9066162109375,1010.27,35.06
2020-11-02 16:38:15.595795,58.18,63.7451171875,34.886474609375,1010.27,35.06
2020-11-02 16:38:15.970120,58.02,63.7451171875,34.886474609375,1010.27,35.06
2020-11-02 16:38:16.600044,58.02,63.7451171875,34.886474609375,1010.27,35.07
2020-11-02 16:38:16.766766,58.02,63.7451171875,34.886474609375,1010.27,35.07
2020-11-02 16:38:17.575757,58.02,63.7451171875,34.886474609375,1010.29,35.07
2020-11-02 16:38:17.605726,58.02,63.7451171875,34.87640380859375,1010.29,35.07
2020-11-02 16:38:18.370816,58.02,63.7451171875,34.87640380859375,1010.27,35.07
2020-11-02 16:38:18.595745,58.02,63.7451171875,34.87640380859375,1010.27,35.07
2020-11-02 16:38:19.165804,58.660000000000004,63.7451171875,34.87640380859375,1010.31,35.09
2020-11-02 16:38:19.600187,58.660000000000004,63.7451171875,34.85626220703125,1010.31,35.09
2020-11-02 16:38:19.975806,61.06,63.7451171875,34.85626220703125,1010.31,35.09
2020-11-02 16:38:20.605648,61.06,63.7451171875,34.85626220703125,1010.29,35.09
2020-11-02 16:38:20.770781,63.480000000000004,63.7451171875,34.85626220703125,1010.29,35.09
2020-11-02 16:38:21.565897,64.28,63.7451171875,34.85626220703125,1010.28,35.09
2020-11-02 16:38:21.611499,64.28,63.7451171875,34.84619140625,1010.28,35.09
2020-11-02 16:38:22.375119,64.76,63.7451171875,34.84619140625,1010.28,35.08
2020-11-02 16:38:22.600184,64.76,63.7451171875,34.85626220703125,1010.28,35.08
2020-11-02 16:38:23.170786,64.28,63.7451171875,34.85626220703125,1010.24,35.08
2020-11-02 16:38:23.605789,64.28,63.7451171875,34.85626220703125,1010.24,35.08
2020-11-02 16:38:23.965648,62.02,63.7451171875,34.85626220703125,1010.24,35.08
2020-11-02 16:38:24.610854,62.02,63.7451171875,34.81597900390625,1010.24,35.08
2020-11-02 16:38:24.775851,60.58,63.7451171875,34.81597900390625,1010.24,35.08
2020-11-02 16:38:25.570384,59.78,63.7451171875,34.81597900390625,1010.29,35.1
2020-11-02 16:38:25.615530,59.78,63.7451171875,34.8260498046875,1010.29,35.1
2020-11-02 16:38:26.365843,60.42,63.7451171875,34.8260498046875,1010.29,35.11
2020-11-02 16:38:26.635787,60.42,63.7451171875,34.8260498046875,1010.29,35.11
2020-11-02 16:38:27.175837,61.06,63.7451171875,34.8260498046875,1010.28,35.11
2020-11-02 16:38:27.610804,61.06,63.7451171875,34.8260498046875,1010.28,35.11
2020-11-02 16:38:27.970260,60.58,63.7451171875,34.8260498046875,1010.28,35.11
2020-11-02 16:38:28.615618,60.58,63.8427734375,34.805908203125,1010.3,35.12
2020-11-02 16:38:28.765721,59.620000000000005,63.8427734375,34.805908203125,1010.3,35.12
2020-11-02 16:38:29.576819,59.300000000000004,63.8427734375,34.805908203125,1010.29,35.13
2020-11-02 16:38:29.620091,59.300000000000004,63.8427734375,34.81597900390625,1010.29,35.13
2020-11-02 16:38:30.370048,59.300000000000004,63.8427734375,34.81597900390625,1010.27,35.12
2020-11-02 16:38:30.627593,59.300000000000004,63.8427734375,34.805908203125,1010.27,35.12
2020-11-02 16:38:31.164891,59.46,63.8427734375,34.805908203125,1010.29,35.13
2020-11-02 16:38:31.615909,59.46,63.8427734375,34.805908203125,1010.29,35.13
2020-11-02 16:38:31.975567,59.46,63.8427734375,34.805908203125,1010.29,35.13
2020-11-02 16:38:32.620866,59.46,63.8427734375,34.7857666015625,1010.29,35.14
2020-11-02 16:38:32.769620,59.14,63.8427734375,34.7857666015625,1010.29,35.14
2020-11-02 16:38:33.565878,59.300000000000004,63.8427734375,34.7857666015625,1010.32,35.15
2020-11-02 16:38:33.625810,59.300000000000004,63.8427734375,34.805908203125,1010.32,35.15
2020-11-02 16:38:34.376124,59.14,63.8427734375,34.805908203125,1010.31,35.15
2020-11-02 16:38:34.630910,59.14,63.8427734375,34.81597900390625,1010.31,35.15
2020-11-02 16:38:35.170440,59.46,63.8427734375,34.81597900390625,1010.24,35.14
2020-11-02 16:38:35.620972,59.46,63.946533203125,34.81597900390625,1010.24,35.14
2020-11-02 16:38:35.966084,59.300000000000004,63.946533203125,34.81597900390625,1010.24,35.14
2020-11-02 16:38:36.625966,59.300000000000004,63.946533203125,34.805908203125,1010.28,35.14
2020-11-02 16:38:36.775481,59.300000000000004,63.946533203125,34.805908203125,1010.28,35.14
2020-11-02 16:38:37.571042,59.46,63.946533203125,34.805908203125,1010.27,35.15
2020-11-02 16:38:37.630795,59.46,63.946533203125,34.81597900390625,1010.27,35.15
2020-11-02 16:38:38.366177,59.300000000000004,63.946533203125,34.81597900390625,1010.27,35.14
2020-11-02 16:38:38.634854,59.300000000000004,63.946533203125,34.805908203125,1010.27,35.14
2020-11-02 16:38:39.175953,58.980000000000004,63.946533203125,34.805908203125,1010.26,35.14
2020-11-02 16:38:39.640075,58.980000000000004,63.946533203125,34.81597900390625,1010.26,35.14
2020-11-02 16:38:39.970528,58.5,63.946533203125,34.81597900390625,1010.26,35.14
2020-11-02 16:38:40.630350,58.5,63.946533203125,34.81597900390625,1010.26,35.12
2020-11-02 16:38:40.766186,58.18,63.946533203125,34.81597900390625,1010.26,35.12
2020-11-02 16:38:41.560911,58.5,63.946533203125,34.81597900390625,1010.27,35.14
2020-11-02 16:38:41.650657,58.5,63.946533203125,34.8260498046875,1010.27,35.14
2020-11-02 16:38:42.369553,58.82,63.946533203125,34.8260498046875,1010.29,35.13
2020-11-02 16:38:42.640538,58.82,63.946533203125,34.8260498046875,1010.29,35.13
2020-11-02 16:38:43.168270,58.660000000000004,63.946533203125,34.8260498046875,1010.28,35.13
2020-11-02 16:38:43.647026,58.660000000000004,63.946533203125,34.84619140625,1010.28,35.13
2020-11-02 16:38:43.962569,58.980000000000004,63.946533203125,34.84619140625,1010.28,35.13
2020-11-02 16:38:44.636822,58.980000000000004,63.946533203125,34.84619140625,1010.29,35.13
2020-11-02 16:38:44.770489,59.14,63.946533203125,34.84619140625,1010.29,35.13
2020-11-02 16:38:45.565792,58.980000000000004,63.946533203125,34.84619140625,1010.28,35.12
2020-11-02 16:38:45.640564,58.980000000000004,63.946533203125,34.84619140625,1010.28,35.12
2020-11-02 16:38:46.360362,58.82,63.946533203125,34.84619140625,1010.29,35.13
2020-11-02 16:38:46.645852,58.82,63.946533203125,34.84619140625,1010.29,35.13
2020-11-02 16:38:47.171900,58.82,63.946533203125,34.84619140625,1010.27,35.14
2020-11-02 16:38:47.650595,58.82,63.946533203125,34.87640380859375,1010.27,35.14
2020-11-02 16:38:47.965007,58.82,63.946533203125,34.87640380859375,1010.27,35.14
2020-11-02 16:38:48.640794,58.82,63.946533203125,34.85626220703125,1010.23,35.14
2020-11-02 16:38:48.761036,58.82,63.946533203125,34.85626220703125,1010.23,35.14
2020-11-02 16:38:49.570519,58.660000000000004,63.946533203125,34.85626220703125,1010.27,35.14
2020-11-02 16:38:49.645911,58.660000000000004,63.946533203125,34.85626220703125,1010.27,35.14
2020-11-02 16:38:50.365251,58.02,63.946533203125,34.85626220703125,1010.21,35.14
2020-11-02 16:38:50.651046,58.02,63.946533203125,34.87640380859375,1010.21,35.14
2020-11-02 16:38:51.159966,58.18,63.946533203125,34.87640380859375,1010.27,35.15
2020-11-02 16:38:51.654938,58.18,63.946533203125,34.87640380859375,1010.27,35.15
2020-11-02 16:38:51.971684,58.18,63.946533203125,34.87640380859375,1010.27,35.15
2020-11-02 16:38:52.660868,58.18,63.946533203125,34.87640380859375,1010.21,35.15
2020-11-02 16:38:52.765072,57.86,63.946533203125,34.87640380859375,1010.21,35.15
2020-11-02 16:38:53.561764,58.02,63.946533203125,34.87640380859375,1010.27,35.16
2020-11-02 16:38:53.651013,58.02,63.8427734375,34.886474609375,1010.27,35.16
2020-11-02 16:38:54.385188,58.02,63.8427734375,34.886474609375,1010.28,35.14
2020-11-02 16:38:54.655391,58.02,63.8427734375,34.85626220703125,1010.28,35.14
2020-11-02 16:38:55.165926,57.7,63.8427734375,34.85626220703125,1010.26,35.14
2020-11-02 16:38:55.661011,57.7,63.8427734375,34.886474609375,1010.26,35.14
2020-11-02 16:38:55.960622,57.54,63.8427734375,34.886474609375,1010.26,35.14
2020-11-02 16:38:56.666292,57.54,63.8427734375,34.87640380859375,1010.29,35.14
2020-11-02 16:38:56.770789,57.54,63.8427734375,34.87640380859375,1010.29,35.14
2020-11-02 16:38:57.565966,57.68,63.8427734375,34.87640380859375,1010.26,35.14
2020-11-02 16:38:57.656046,57.68,63.8427734375,34.886474609375,1010.26,35.14
2020-11-02 16:38:58.361200,57.36,63.8427734375,34.886474609375,1010.29,35.15
2020-11-02 16:38:58.661246,57.36,63.8427734375,34.87640380859375,1010.29,35.15
2020-11-02 16:38:59.170648,57.68,63.8427734375,34.87640380859375,1010.28,35.13
2020-11-02 16:38:59.666041,57.68,63.8427734375,34.87640380859375,1010.28,35.13
2020-11-02 16:38:59.966112,58.02,63.8427734375,34.87640380859375,1010.28,35.13
2020-11-02 16:39:00.671047,58.02,63.8427734375,34.886474609375,1010.26,35.13
2020-11-02 16:39:00.760984,58.82,63.8427734375,34.886474609375,1010.26,35.13
