00:28.3,5.32,75.12817383,34.04052734,1010.21,34.72
00:28.5,5.31,75.12817383,34.04052734,1010.21,34.72
00:29.3,5.31,75.22583008,34.06066895,1010.18,34.7
00:29.3,5.32,75.22583008,34.06066895,1010.18,34.7
00:30.1,5.23,75.22583008,34.06066895,1010.22,34.71
00:30.3,5.23,75.42724609,34.06066895,1010.22,34.71
00:30.9,5.31,75.42724609,34.06066895,1010.2,34.7
00:31.3,5.31,75.62255859,34.04052734,1010.2,34.7
00:31.7,5.23,75.62255859,34.04052734,1010.2,34.7
00:32.3,5.23,75.81787109,34.06066895,1010.2,34.7
00:32.5,5.31,75.81787109,34.06066895,1010.2,34.7
00:33.3,5.31,76.01318359,34.06066895,1010.19,34.7
00:33.3,5.47,76.01318359,34.06066895,1010.19,34.7
00:34.1,5.31,76.01318359,34.06066895,1010.21,34.72
00:34.3,5.31,76.20849609,34.03045654,1010.21,34.72
00:34.9,5.47,76.20849609,34.03045654,1010.22,34.72
00:35.3,5.47,76.40380859,34.06066895,1010.22,34.72
00:35.7,5.56,76.40380859,34.06066895,1010.19,34.72
00:36.3,5.56,76.50146484,34.06066895,1010.19,34.72
00:36.5,5.47,76.50146484,34.06066895,1010.19,34.72
00:37.3,5.47,76.50146484,34.06066895,1010.21,34.73
00:37.3,5.47,76.59912109,34.07073975,1010.21,34.73
00:38.1,5.55,76.59912109,34.07073975,1010.21,34.74
00:38.3,5.55,76.80053711,34.06066895,1010.21,34.74
00:38.9,5.55,76.80053711,34.06066895,1010.2,34.74
00:39.3,5.55,76.89819336,34.06066895,1010.2,34.74
00:39.7,5.47,76.89819336,34.06066895,1010.21,34.76
00:40.3,5.47,76.99584961,34.04052734,1010.21,34.76
00:40.5,5.31,76.99584961,34.04052734,1010.21,34.76
00:41.3,5.39,76.99584961,34.04052734,1010.15,34.76
00:41.3,5.39,77.09350586,34.04052734,1010.15,34.76
00:42.1,5.4,77.09350586,34.04052734,1010.23,34.76
00:42.3,5.4,77.19116211,34.06066895,1010.23,34.76
00:42.9,5.4,77.19116211,34.06066895,1010.21,34.77
00:43.3,5.4,77.28881836,34.07073975,1010.21,34.77
00:43.7,5.31,77.28881836,34.07073975,1010.24,34.77
00:44.3,5.31,77.38647461,34.06066895,1010.24,34.77
00:44.5,5.31,77.38647461,34.06066895,1010.24,34.77
00:45.3,5.47,77.38647461,34.06066895,1010.21,34.77
00:45.3,5.47,77.48413086,34.06066895,1010.21,34.77
00:46.1,5.39,77.48413086,34.06066895,1010.21,34.77
00:46.3,5.39,77.58178711,34.06066895,1010.21,34.77
00:46.9,5.47,77.58178711,34.06066895,1010.23,34.78
00:47.3,5.47,77.77709961,34.06066895,1010.23,34.78
00:47.7,5.47,77.77709961,34.06066895,1010.23,34.77
00:48.3,5.47,77.87475586,34.07073975,1010.23,34.77
00:48.5,5.64,77.87475586,34.07073975,1010.23,34.77
00:49.3,5.8,77.87475586,34.07073975,1010.21,34.78
00:49.3,5.8,78.07006836,34.07073975,1010.21,34.78
00:50.1,5.8,78.07006836,34.07073975,1010.21,34.78
00:50.3,5.8,78.17382813,34.07073975,1010.21,34.78
00:50.9,5.72,78.17382813,34.07073975,1010.21,34.78
00:51.3,5.72,78.27148438,34.07073975,1010.21,34.78
00:51.7,5.72,78.27148438,34.07073975,1010.2,34.78
00:52.3,5.72,78.27148438,34.07073975,1010.2,34.78
00:52.5,5.72,78.27148438,34.07073975,1010.2,34.78
00:53.3,5.48,78.27148438,34.07073975,1010.21,34.78
00:53.3,5.48,78.36914063,34.06066895,1010.21,34.78
00:54.1,5.64,78.36914063,34.06066895,1010.19,34.78
00:54.4,5.64,78.46679688,34.06066895,1010.19,34.78
00:54.9,5.72,78.46679688,34.06066895,1010.23,34.78
00:55.3,5.72,78.66210938,34.07073975,1010.23,34.78
00:55.7,5.72,78.66210938,34.07073975,1010.21,34.78
00:56.3,5.72,78.75976563,34.07073975,1010.21,34.78
00:56.5,5.72,78.75976563,34.07073975,1010.21,34.78
00:57.3,5.64,78.75976563,34.07073975,1010.24,34.78
00:57.3,5.64,78.89404297,34.09088135,1010.24,34.78
00:58.1,5.8,78.89404297,34.09088135,1010.2,34.78
00:58.3,5.8,78.99169922,34.09088135,1010.2,34.78
00:58.9,5.8,78.99169922,34.09088135,1010.21,34.78
00:59.4,5.8,79.05273438,34.07073975,1010.21,34.78
00:59.7,5.8,79.05273438,34.07073975,1010.21,34.79
01:00.3,5.8,79.15039063,34.07073975,1010.21,34.79
01:00.5,5.8,79.15039063,34.07073975,1010.21,34.79
01:01.3,5.64,79.15039063,34.07073975,1010.22,34.81
01:01.3,5.64,79.15039063,34.07073975,1010.22,34.81
01:02.1,5.64,79.15039063,34.07073975,1010.22,34.82
01:02.4,5.64,79.24804688,34.06066895,1010.22,34.82
01:02.9,5.8,79.24804688,34.06066895,1010.23,34.8
01:03.4,5.8,79.34570313,34.07073975,1010.23,34.8
01:03.7,5.56,79.34570313,34.07073975,1010.2,34.81
01:04.4,5.56,79.44335938,34.07073975,1010.2,34.81
01:04.5,5.32,79.44335938,34.07073975,1010.2,34.81
01:05.3,5.39,79.44335938,34.07073975,1010.2,34.79
01:05.4,5.39,79.58374023,34.09088135,1010.2,34.79
01:06.1,5.39,79.58374023,34.09088135,1010.21,34.81
01:06.4,5.39,79.74243164,34.06066895,1010.21,34.81
01:06.9,5.32,79.74243164,34.06066895,1010.19,34.8
01:07.4,5.32,79.84008789,34.04052734,1010.19,34.8
01:07.7,5.32,79.84008789,34.04052734,1010.2,34.8
01:08.4,5.32,79.93774414,34.07073975,1010.2,34.8
01:08.5,5.32,79.93774414,34.07073975,1010.2,34.8
01:09.3,5.64,79.93774414,34.07073975,1010.19,34.79
01:09.4,5.64,80.03540039,34.07073975,1010.19,34.79
01:10.1,5.8,80.03540039,34.07073975,1010.21,34.8
01:10.4,5.8,80.16967773,34.09088135,1010.21,34.8
01:10.9,5.88,80.16967773,34.09088135,1010.19,34.79
01:11.4,5.88,80.23071289,34.07073975,1010.19,34.79
01:11.7,5.88,80.23071289,34.07073975,1010.2,34.79
01:12.4,5.88,80.46875,34.10095215,1010.2,34.79
01:12.5,5.8,80.46875,34.10095215,1010.2,34.79
01:13.3,5.72,80.46875,34.10095215,1010.16,34.8
01:13.4,5.72,80.56640625,34.09088135,1010.16,34.8
01:14.1,5.88,80.56640625,34.09088135,1010.18,34.8
01:14.4,5.88,80.6640625,34.11102295,1010.18,34.8
01:14.9,5.72,80.6640625,34.11102295,1010.21,34.8
01:15.4,5.72,80.76171875,34.11102295,1010.21,34.8
01:15.7,5.72,80.76171875,34.11102295,1010.21,34.81
01:16.4,5.72,80.859375,34.11102295,1010.21,34.81
01:16.5,5.72,80.859375,34.11102295,1010.21,34.81
01:17.3,5.72,80.859375,34.11102295,1010.21,34.82
01:17.4,5.72,80.95703125,34.11102295,1010.21,34.82
01:18.1,5.72,80.95703125,34.11102295,1010.18,34.82
01:18.4,5.72,81.0546875,34.10095215,1010.18,34.82
01:18.9,5.88,81.0546875,34.10095215,1010.21,34.84
01:19.4,5.88,81.0546875,34.11102295,1010.21,34.84
01:19.7,5.88,81.0546875,34.11102295,1010.21,34.84
01:20.4,5.88,81.0546875,34.10095215,1010.21,34.84
01:20.5,5.72,81.0546875,34.10095215,1010.21,34.84
01:21.3,5.72,81.0546875,34.10095215,1010.18,34.81
01:21.4,5.72,81.0546875,34.10095215,1010.18,34.81
01:22.1,5.88,81.0546875,34.10095215,1010.21,34.82
01:22.4,5.88,81.15234375,34.09088135,1010.21,34.82
01:22.9,5.8,81.15234375,34.09088135,1010.14,34.83
01:23.4,5.8,81.25,34.10095215,1010.14,34.83
01:23.7,5.72,81.25,34.10095215,1010.14,34.83
01:24.4,5.72,81.34765625,34.10095215,1010.21,34.83
01:24.5,5.8,81.34765625,34.10095215,1010.21,34.83
01:25.3,5.96,81.34765625,34.10095215,1010.2,34.84
01:25.4,5.96,81.54296875,34.11102295,1010.2,34.84
01:26.1,5.88,81.54296875,34.11102295,1010.15,34.83
01:26.4,5.88,81.64672852,34.10095215,1010.15,34.83
01:26.9,5.64,81.64672852,34.10095215,1010.2,34.83
01:27.4,5.64,81.84204102,34.11102295,1010.2,34.83
01:27.7,5.96,81.84204102,34.11102295,1010.2,34.83
01:28.4,5.96,82.03735352,34.11102295,1010.21,34.82
01:28.5,5.88,82.03735352,34.11102295,1010.21,34.82
01:29.3,5.88,82.03735352,34.11102295,1010.16,34.83
01:29.4,5.88,82.23266602,34.11102295,1010.16,34.83
01:30.1,5.31,82.23266602,34.11102295,1010.13,34.82
01:30.4,5.31,82.42797852,34.11102295,1010.13,34.82
01:30.9,4.91,82.42797852,34.11102295,1010.21,34.8
01:31.4,4.91,82.62329102,34.11102295,1010.21,34.8
01:31.7,5.07,82.62329102,34.11102295,1010.21,34.8
01:32.4,5.07,82.81860352,34.11102295,1010.22,34.8
01:32.5,5.15,82.81860352,34.11102295,1010.22,34.8
01:33.3,5.64,82.81860352,34.11102295,1010.18,34.79
01:33.4,5.64,83.11767578,34.10095215,1010.18,34.79
01:34.1,5.8,83.11767578,34.10095215,1010.2,34.8
01:34.4,5.8,83.41064453,34.10095215,1010.2,34.8
01:34.9,5.72,83.41064453,34.10095215,1010.19,34.79
01:35.4,5.72,83.50830078,34.09088135,1010.19,34.79
01:35.7,5.72,83.50830078,34.09088135,1010.19,34.79
01:36.4,5.72,83.70361328,34.09088135,1010.21,34.81
01:36.5,5.8,83.70361328,34.09088135,1010.21,34.81
01:37.3,5.72,83.70361328,34.09088135,1010.21,34.79
01:37.4,5.72,83.89892578,34.10095215,1010.21,34.79
01:38.1,5.8,83.89892578,34.10095215,1010.22,34.8
01:38.4,5.8,84.19799805,34.10095215,1010.22,34.8
01:38.9,5.88,84.19799805,34.10095215,1010.22,34.78
01:39.4,5.88,84.39331055,34.10095215,1010.22,34.78
01:39.7,5.88,84.39331055,34.10095215,1010.22,34.78
01:40.4,5.88,84.54589844,34.07073975,1010.21,34.78
01:40.5,5.96,84.54589844,34.07073975,1010.21,34.78
01:41.3,5.88,84.54589844,34.07073975,1010.2,34.78
01:41.4,5.88,84.78393555,34.09088135,1010.2,34.78
01:42.1,5.8,84.78393555,34.09088135,1010.22,34.78
01:42.4,5.8,84.8815918,34.09088135,1010.22,34.78
01:42.9,5.48,84.8815918,34.09088135,1010.19,34.78
01:43.4,5.48,85.0769043,34.10095215,1010.19,34.78
01:43.7,5.48,85.0769043,34.10095215,1010.19,34.78
01:44.4,5.48,85.13793945,34.07073975,1010.22,34.78
01:44.5,5.72,85.13793945,34.07073975,1010.22,34.78
01:45.3,5.72,85.13793945,34.07073975,1010.21,34.77
01:45.4,5.72,85.36987305,34.09088135,1010.21,34.77
01:46.1,5.8,85.36987305,34.09088135,1010.26,34.77
01:46.4,5.8,85.57128906,34.09088135,1010.26,34.77
01:46.9,5.72,85.57128906,34.09088135,1010.21,34.76
01:47.4,5.72,85.6262207,34.07073975,1010.21,34.76
01:47.7,5.31,85.6262207,34.07073975,1010.21,34.76
01:48.4,5.31,85.8215332,34.07073975,1010.2,34.75
01:48.5,5.47,85.8215332,34.07073975,1010.2,34.75
01:49.3,5.31,85.8215332,34.07073975,1010.21,34.75
01:49.4,5.31,85.91918945,34.07073975,1010.21,34.75
01:50.1,5.72,85.91918945,34.07073975,1010.22,34.75
01:50.4,5.72,86.0168457,34.06066895,1010.22,34.75
01:50.9,5.88,86.0168457,34.06066895,1010.24,34.75
01:51.4,5.88,86.15722656,34.09088135,1010.24,34.75
01:51.7,5.88,86.15722656,34.09088135,1010.24,34.75
01:52.4,5.88,86.2121582,34.06066895,1010.24,34.75
01:52.5,5.88,86.2121582,34.06066895,1010.24,34.75
01:53.3,5.96,86.2121582,34.06066895,1010.27,34.75
01:53.4,5.96,86.30981445,34.07073975,1010.27,34.75
01:54.1,5.96,86.30981445,34.07073975,1010.24,34.73
01:54.4,5.96,86.4074707,34.07073975,1010.24,34.73
01:54.9,5.96,86.4074707,34.07073975,1010.24,34.74
01:55.4,5.96,86.51123047,34.07073975,1010.24,34.74
01:55.7,5.88,86.51123047,34.07073975,1010.24,34.74
01:56.4,5.88,86.60888672,34.07073975,1010.21,34.73
01:56.5,5.96,86.60888672,34.07073975,1010.21,34.73
01:57.3,5.88,86.60888672,34.07073975,1010.23,34.72
01:57.4,5.88,86.60888672,34.07073975,1010.23,34.72
01:58.1,5.48,86.60888672,34.07073975,1010.19,34.7
01:58.4,5.48,86.70654297,34.07073975,1010.19,34.7
01:58.9,5.56,86.70654297,34.07073975,1010.24,34.72
01:59.4,5.56,86.70654297,34.07073975,1010.24,34.72
01:59.7,5.64,86.70654297,34.07073975,1010.24,34.72
02:00.4,5.64,86.80419922,34.07073975,1010.22,34.72
02:00.5,5.72,86.80419922,34.07073975,1010.22,34.72
02:01.3,5.72,86.80419922,34.07073975,1010.23,34.72
02:01.4,5.72,86.80419922,34.06066895,1010.23,34.72
02:02.1,5.64,86.80419922,34.06066895,1010.27,34.71
02:02.4,5.64,86.80419922,34.07073975,1010.27,34.71
02:02.9,5.64,86.80419922,34.07073975,1010.21,34.7
02:03.4,5.64,86.80419922,34.07073975,1010.21,34.7
02:03.7,5.8,86.80419922,34.07073975,1010.21,34.7
02:04.5,5.8,86.80419922,34.07073975,1010.21,34.72
02:04.5,5.96,86.80419922,34.07073975,1010.21,34.72
02:05.3,5.96,86.80419922,34.07073975,1010.24,34.73
02:05.4,5.96,86.80419922,34.07073975,1010.24,34.73
02:06.1,5.96,86.80419922,34.07073975,1010.21,34.74
02:06.4,5.96,86.90185547,34.07073975,1010.21,34.74
02:06.9,6.04,86.90185547,34.07073975,1010.21,34.74
02:07.5,6.04,86.80419922,34.06066895,1010.21,34.74
02:07.7,6.04,86.80419922,34.06066895,1010.21,34.74
02:08.5,6.04,86.80419922,34.06066895,1010.22,34.75
02:08.5,5.96,86.80419922,34.06066895,1010.22,34.75
02:09.3,5.8,86.80419922,34.06066895,1010.22,34.75
02:09.5,5.8,86.60888672,34.07073975,1010.22,34.75
02:10.1,5.64,86.60888672,34.07073975,1010.21,34.78
02:10.5,5.64,86.51123047,34.04052734,1010.21,34.78
02:10.9,5.88,86.51123047,34.04052734,1010.21,34.78
02:11.5,5.88,86.4074707,34.04052734,1010.21,34.78
02:11.7,6.04,86.4074707,34.04052734,1010.21,34.78
02:12.5,6.04,86.2121582,34.03045654,1010.23,34.8
02:12.5,6.2,86.2121582,34.03045654,1010.23,34.8
02:13.3,6.2,86.2121582,34.03045654,1010.23,34.81
02:13.5,6.2,86.11450195,34.03045654,1010.23,34.81
02:14.1,6.2,86.11450195,34.03045654,1010.2,34.81
02:14.5,6.2,85.91918945,34.03045654,1010.2,34.81
02:14.9,5.96,85.91918945,34.03045654,1010.21,34.82
02:15.5,5.96,85.72387695,34.02038574,1010.21,34.82
02:15.7,5.64,85.72387695,34.02038574,1010.21,34.82
02:16.5,5.64,85.6262207,34.02038574,1010.23,34.83
02:16.5,5.48,85.6262207,34.02038574,1010.23,34.83
02:17.3,5.48,85.6262207,34.02038574,1010.16,34.84
02:17.5,5.48,85.52856445,34.00024414,1010.16,34.84
02:18.1,5.48,85.52856445,34.00024414,1010.19,34.84
02:18.5,5.48,85.4309082,34.00024414,1010.19,34.84
02:18.9,5.56,85.4309082,34.00024414,1010.2,34.86
02:19.5,5.56,85.4309082,34.02038574,1010.2,34.86
02:19.7,5.72,85.4309082,34.02038574,1010.2,34.86
02:20.5,5.72,85.33325195,34.02038574,1010.21,34.86
02:20.5,5.96,85.33325195,34.02038574,1010.21,34.86
02:21.3,5.72,85.33325195,34.02038574,1010.19,34.85
02:21.5,5.72,85.33325195,34.00024414,1010.19,34.85
02:22.1,5.88,85.33325195,34.00024414,1010.16,34.85
02:22.5,5.88,85.2355957,34.02038574,1010.16,34.85
02:22.9,6.12,85.2355957,34.02038574,1010.16,34.85
02:23.5,6.12,85.13793945,34.03045654,1010.16,34.85
02:23.7,6.44,85.13793945,34.03045654,1010.16,34.85
02:24.5,6.44,85.03417969,34.03045654,1010.19,34.85
02:24.5,6.44,85.03417969,34.03045654,1010.19,34.85
02:25.3,6.36,85.03417969,34.03045654,1010.24,34.86
02:25.5,6.36,85.03417969,34.02038574,1010.24,34.86
02:26.1,6.44,85.03417969,34.02038574,1010.15,34.86
02:26.5,6.44,84.93652344,34.03045654,1010.15,34.86
02:26.9,6.44,84.93652344,34.03045654,1010.15,34.86
02:27.5,6.44,84.83886719,34.03045654,1010.15,34.86
02:27.7,6.36,84.83886719,34.03045654,1010.15,34.86
02:28.5,6.36,84.83886719,34.04052734,1010.19,34.85
02:28.5,6.2,84.83886719,34.04052734,1010.19,34.85
02:29.3,6.04,84.83886719,34.04052734,1010.19,34.85
02:29.5,6.04,84.83886719,34.03045654,1010.19,34.85
02:30.1,6.04,84.83886719,34.03045654,1010.26,34.86
02:30.5,6.04,84.93652344,34.04052734,1010.26,34.86
02:30.9,5.96,84.93652344,34.04052734,1010.2,34.86
02:31.5,5.96,84.93652344,34.06066895,1010.2,34.86
02:31.7,5.96,84.93652344,34.06066895,1010.2,34.86
02:32.5,5.96,84.93652344,34.06066895,1010.16,34.85
02:32.5,6.12,84.93652344,34.06066895,1010.16,34.85
02:33.3,6.2,84.93652344,34.06066895,1010.21,34.86
02:33.5,6.2,84.83886719,34.03045654,1010.21,34.86
02:34.1,6.36,84.83886719,34.03045654,1010.2,34.86
02:34.5,6.36,84.83886719,34.04052734,1010.2,34.86
02:34.9,6.44,84.83886719,34.04052734,1010.24,34.86
02:35.5,6.44,84.93652344,34.06066895,1010.24,34.86
02:35.7,6.44,84.93652344,34.06066895,1010.24,34.86
02:36.5,6.44,84.93652344,34.04052734,1010.2,34.85
02:36.5,6.44,84.93652344,34.04052734,1010.2,34.85
02:37.3,6.2,84.93652344,34.04052734,1010.21,34.85
02:37.5,6.2,84.93652344,34.03045654,1010.21,34.85
02:38.1,5.8,84.93652344,34.03045654,1010.2,34.84
02:38.5,5.8,84.93652344,34.04052734,1010.2,34.84
02:38.9,5.88,84.93652344,34.04052734,1010.2,34.84
02:39.5,5.88,84.93652344,34.04052734,1010.19,34.84
02:39.7,6.28,84.93652344,34.04052734,1010.19,34.84
02:40.5,6.36,84.93652344,34.04052734,1010.21,34.84
02:40.5,6.36,85.03417969,34.02038574,1010.21,34.84
02:41.3,6.28,85.03417969,34.02038574,1010.18,34.84
02:41.5,6.28,85.03417969,34.04052734,1010.18,34.84
02:42.1,6.04,85.03417969,34.04052734,1010.18,34.85
02:42.5,6.04,85.13793945,34.06066895,1010.18,34.85
02:42.9,6.36,85.13793945,34.06066895,1010.18,34.85
02:43.5,6.36,85.13793945,34.04052734,1010.16,34.84
02:43.7,6.36,85.13793945,34.04052734,1010.16,34.84
02:44.5,6.2,85.13793945,34.04052734,1010.21,34.84
02:44.5,6.2,85.13793945,34.04052734,1010.21,34.84
02:45.3,6.2,85.13793945,34.04052734,1010.19,34.85
02:45.5,6.2,85.13793945,34.04052734,1010.19,34.85
02:46.1,6.28,85.13793945,34.04052734,1010.15,34.85
02:46.5,6.28,85.13793945,34.06066895,1010.15,34.85
02:46.9,6.44,85.13793945,34.06066895,1010.15,34.85
02:47.5,6.44,85.2355957,34.04052734,1010.19,34.84
02:47.7,6.44,85.2355957,34.04052734,1010.19,34.84
02:48.5,6.44,85.2355957,34.04052734,1010.15,34.84
02:48.5,6.44,85.2355957,34.02038574,1010.15,34.84
02:49.3,6.36,85.2355957,34.02038574,1010.15,34.84
02:49.5,6.36,85.13793945,34.03045654,1010.15,34.84
02:50.1,6.44,85.13793945,34.03045654,1010.2,34.84
02:50.5,6.44,85.13793945,34.04052734,1010.2,34.84
02:50.9,6.28,85.13793945,34.04052734,1010.2,34.84
02:51.5,6.28,85.13793945,34.04052734,1010.22,34.84
02:51.7,6.28,85.13793945,34.04052734,1010.22,34.84
02:52.5,6.52,85.13793945,34.04052734,1010.16,34.83
02:52.5,6.52,85.13793945,34.04052734,1010.16,34.83
02:53.3,6.52,85.13793945,34.04052734,1010.16,34.84
02:53.5,6.52,85.2355957,34.04052734,1010.16,34.84
02:54.1,6.52,85.2355957,34.04052734,1010.15,34.84
02:54.5,6.52,85.2355957,34.04052734,1010.15,34.84
02:54.9,6.52,85.2355957,34.04052734,1010.15,34.84
02:55.5,6.52,85.13793945,34.04052734,1010.21,34.83
02:55.7,6.52,85.13793945,34.04052734,1010.21,34.83
02:56.5,6.52,85.13793945,34.04052734,1010.15,34.85
02:56.5,6.52,85.13793945,34.04052734,1010.15,34.85
02:57.3,6.44,85.13793945,34.04052734,1010.18,34.84
02:57.5,6.44,85.13793945,34.04052734,1010.18,34.84
02:58.1,6.44,85.13793945,34.04052734,1010.19,34.85
02:58.5,6.44,85.13793945,34.03045654,1010.19,34.85
02:58.9,6.36,85.13793945,34.03045654,1010.19,34.85
02:59.5,6.36,85.13793945,34.03045654,1010.16,34.85
02:59.7,6.36,85.13793945,34.03045654,1010.16,34.85
03:00.5,6.36,85.13793945,34.03045654,1010.2,34.84
03:00.5,6.36,85.13793945,34.04052734,1010.2,34.84
03:01.3,6.28,85.13793945,34.04052734,1010.15,34.86
03:01.5,6.28,85.13793945,34.04052734,1010.15,34.86
03:02.1,6.52,85.13793945,34.04052734,1010.2,34.84
03:02.5,6.52,85.13793945,34.03045654,1010.2,34.84
03:02.9,6.6,85.13793945,34.03045654,1010.2,34.84
03:03.5,6.6,85.13793945,34.03045654,1010.18,34.84
03:03.7,6.6,85.13793945,34.03045654,1010.18,34.84
03:04.5,6.68,85.13793945,34.03045654,1010.19,34.84
03:04.5,6.68,85.13793945,34.03045654,1010.19,34.84
03:05.3,6.6,85.13793945,34.03045654,1010.21,34.84
03:05.5,6.6,85.13793945,34.02038574,1010.21,34.84
03:06.1,6.36,85.13793945,34.02038574,1010.18,34.84
03:06.5,6.36,85.13793945,34.03045654,1010.18,34.84
03:06.9,6.28,85.13793945,34.03045654,1010.18,34.84
03:07.5,6.28,85.13793945,34.02038574,1010.2,34.84
03:07.7,6.52,85.13793945,34.02038574,1010.2,34.84
03:08.5,6.36,85.13793945,34.02038574,1010.16,34.83
03:08.5,6.36,85.13793945,34.02038574,1010.16,34.83
03:09.3,6.36,85.13793945,34.02038574,1010.15,34.83
03:09.6,6.36,85.13793945,34.03045654,1010.15,34.83
03:10.1,6.36,85.13793945,34.03045654,1010.21,34.85
03:10.5,6.36,85.13793945,34.03045654,1010.21,34.85
03:10.9,6.36,85.13793945,34.03045654,1010.21,34.85
03:11.5,6.36,85.13793945,34.00024414,1010.18,34.84
03:11.7,6.28,85.13793945,34.00024414,1010.18,34.84
03:12.5,5.96,85.13793945,34.00024414,1010.16,34.84
03:12.6,5.96,85.13793945,34.02038574,1010.16,34.84
03:13.3,6.6,85.13793945,34.02038574,1010.18,34.84
03:13.6,6.6,85.13793945,34.03045654,1010.18,34.84
03:14.1,6.52,85.13793945,34.03045654,1010.2,34.85
03:14.6,6.52,85.13793945,34.03045654,1010.2,34.85
03:14.9,6.52,85.13793945,34.03045654,1010.2,34.85
03:15.6,6.52,85.13793945,34.03045654,1010.19,34.84
03:15.7,6.52,85.13793945,34.03045654,1010.19,34.84
03:16.5,6.52,85.13793945,34.03045654,1010.2,34.85
03:16.6,6.52,85.13793945,34.03045654,1010.2,34.85
03:17.3,6.52,85.13793945,34.03045654,1010.19,34.84
03:17.6,6.52,85.13793945,34.04052734,1010.19,34.84
03:18.1,6.52,85.13793945,34.04052734,1010.18,34.84
03:18.6,6.52,85.13793945,34.04052734,1010.18,34.84
03:18.9,6.44,85.13793945,34.04052734,1010.18,34.84
03:19.6,6.44,85.03417969,34.04052734,1010.15,34.85
03:19.7,6.6,85.03417969,34.04052734,1010.15,34.85
03:20.5,6.52,85.03417969,34.04052734,1010.18,34.86
03:20.6,6.52,85.03417969,34.04052734,1010.18,34.86
03:21.3,6.52,85.03417969,34.04052734,1010.21,34.87
03:21.6,6.52,84.93652344,34.04052734,1010.21,34.87
03:22.1,6.36,84.93652344,34.04052734,1010.14,34.86
03:22.6,6.36,84.83886719,34.06066895,1010.14,34.86
03:22.9,6.52,84.83886719,34.06066895,1010.14,34.86
03:23.6,6.52,84.83886719,34.03045654,1010.12,34.86
03:23.7,6.52,84.83886719,34.03045654,1010.12,34.86
03:24.5,6.6,84.83886719,34.03045654,1010.21,34.86
03:24.6,6.6,84.83886719,34.03045654,1010.21,34.86
03:25.3,6.6,84.83886719,34.03045654,1010.22,34.88
03:25.6,6.6,84.74121094,34.04052734,1010.22,34.88
03:26.1,6.6,84.74121094,34.04052734,1010.2,34.88
03:26.6,6.6,84.74121094,34.04052734,1010.2,34.88
03:26.9,6.52,84.74121094,34.04052734,1010.2,34.88
03:27.6,6.52,84.74121094,34.06066895,1010.2,34.87
03:27.7,6.68,84.74121094,34.06066895,1010.2,34.87
03:28.5,6.6,84.74121094,34.06066895,1010.18,34.87
03:28.6,6.6,84.74121094,34.07073975,1010.18,34.87
03:29.3,6.6,84.74121094,34.07073975,1010.23,34.89
03:29.6,6.6,84.74121094,34.06066895,1010.23,34.89
03:30.1,6.68,84.74121094,34.06066895,1010.21,34.88
03:30.6,6.68,84.74121094,34.07073975,1010.21,34.88
03:30.9,6.68,84.74121094,34.07073975,1010.21,34.88
03:31.6,6.68,84.74121094,34.06066895,1010.18,34.88
03:31.7,6.68,84.74121094,34.06066895,1010.18,34.88
03:32.5,6.6,84.74121094,34.06066895,1010.18,34.87
03:32.6,6.6,84.74121094,34.06066895,1010.18,34.87
03:33.3,6.6,84.74121094,34.06066895,1010.18,34.88
03:33.6,6.6,84.74121094,34.07073975,1010.18,34.88
03:34.1,6.6,84.74121094,34.07073975,1010.22,34.89
03:34.6,6.6,84.74121094,34.07073975,1010.22,34.89
03:34.9,6.6,84.74121094,34.07073975,1010.22,34.89
03:35.6,6.6,84.74121094,34.07073975,1010.22,34.89
03:35.7,6.6,84.74121094,34.07073975,1010.22,34.89
03:36.5,6.6,84.74121094,34.07073975,1010.19,34.89
03:36.6,6.6,84.78393555,34.09088135,1010.19,34.89
03:37.3,6.68,84.78393555,34.09088135,1010.21,34.9
03:37.6,6.68,84.78393555,34.10095215,1010.21,34.9
03:38.1,6.68,84.78393555,34.10095215,1010.21,34.89
03:38.6,6.68,84.78393555,34.10095215,1010.21,34.89
03:38.9,6.68,84.78393555,34.10095215,1010.21,34.89
03:39.6,6.68,84.83886719,34.07073975,1010.22,34.89
03:39.7,6.76,84.83886719,34.07073975,1010.22,34.89
03:40.5,6.76,84.83886719,34.07073975,1010.21,34.89
03:40.6,6.76,84.97924805,34.09088135,1010.21,34.89
03:41.3,6.76,84.97924805,34.09088135,1010.22,34.89
03:41.6,6.76,85.0769043,34.10095215,1010.22,34.89
03:42.1,6.68,85.0769043,34.10095215,1010.16,34.89
03:42.6,6.68,85.0769043,34.09088135,1010.16,34.89
03:42.9,6.6,85.0769043,34.09088135,1010.16,34.89
03:43.6,6.6,85.17456055,34.09088135,1010.18,34.89
03:43.7,6.6,85.17456055,34.09088135,1010.18,34.89
03:44.5,6.68,85.17456055,34.09088135,1010.2,34.88
03:44.6,6.68,85.2355957,34.07073975,1010.2,34.88
03:45.3,6.68,85.2355957,34.07073975,1010.21,34.87
03:45.6,6.68,85.33325195,34.06066895,1010.21,34.87
03:46.1,6.76,85.33325195,34.06066895,1010.22,34.88
03:46.6,6.76,85.52856445,34.04052734,1010.22,34.88
03:46.9,6.76,85.52856445,34.04052734,1010.22,34.88
03:47.6,6.76,85.72387695,34.07073975,1010.21,34.87
03:47.7,6.68,85.72387695,34.07073975,1010.21,34.87
03:48.5,6.76,85.72387695,34.07073975,1010.21,34.88
03:48.6,6.76,85.91918945,34.06066895,1010.21,34.88
03:49.3,6.76,85.91918945,34.06066895,1010.15,34.85
03:49.6,6.76,86.0168457,34.07073975,1010.15,34.85
03:50.1,6.76,86.0168457,34.07073975,1010.15,34.85
03:50.6,6.76,86.2121582,34.07073975,1010.14,34.84
03:50.9,6.76,86.2121582,34.07073975,1010.14,34.84
03:51.6,6.76,86.30981445,34.06066895,1010.18,34.86
03:51.7,6.76,86.30981445,34.06066895,1010.18,34.86
03:52.5,6.76,86.30981445,34.06066895,1010.15,34.85
03:52.6,6.76,86.30981445,34.04052734,1010.15,34.85
03:53.3,6.92,86.30981445,34.04052734,1010.19,34.84
03:53.6,6.92,86.4074707,34.04052734,1010.19,34.84
03:54.1,6.84,86.4074707,34.04052734,1010.19,34.84
03:54.6,6.84,86.4074707,34.03045654,1010.16,34.84
03:54.9,6.84,86.4074707,34.03045654,1010.16,34.84
03:55.6,6.84,86.51123047,34.04052734,1010.16,34.83
03:55.7,6.92,86.51123047,34.04052734,1010.16,34.83
03:56.5,6.84,86.51123047,34.04052734,1010.19,34.82
03:56.6,6.84,86.51123047,34.06066895,1010.19,34.82
03:57.3,6.68,86.51123047,34.06066895,1010.15,34.8
03:57.6,6.68,86.60888672,34.06066895,1010.15,34.8
03:58.1,6.52,86.60888672,34.06066895,1010.15,34.8
03:58.6,6.52,86.70654297,34.06066895,1010.16,34.8
03:58.9,6.84,86.70654297,34.06066895,1010.16,34.8
03:59.6,6.84,86.80419922,34.06066895,1010.18,34.8
03:59.7,6.92,86.80419922,34.06066895,1010.18,34.8
04:00.5,6.12,86.80419922,34.06066895,1010.21,34.8
04:00.6,6.12,86.90185547,34.06066895,1010.21,34.8
04:01.3,6.04,86.90185547,34.06066895,1010.23,34.81
04:01.6,6.04,87.09716797,34.04052734,1010.23,34.81
04:02.1,5.4,87.09716797,34.04052734,1010.23,34.81
04:02.6,5.4,87.19482422,34.06066895,1010.2,34.8
04:02.9,4.91,87.19482422,34.06066895,1010.2,34.8
04:03.6,4.91,87.19482422,34.06066895,1010.16,34.79
04:03.7,4.75,87.19482422,34.06066895,1010.16,34.79
04:04.5,4.67,87.19482422,34.06066895,1010.21,34.79
04:04.6,4.67,87.29248047,34.07073975,1010.21,34.79
04:05.3,4.67,87.29248047,34.07073975,1010.21,34.79
04:05.6,4.67,87.29248047,34.04052734,1010.21,34.79
04:06.1,4.75,87.29248047,34.04052734,1010.21,34.79
04:06.6,4.75,87.29248047,34.04052734,1010.21,34.79
04:06.9,4.99,87.29248047,34.04052734,1010.21,34.79
04:07.6,4.99,87.39013672,34.06066895,1010.16,34.78
04:07.7,5.72,87.39013672,34.06066895,1010.16,34.78
04:08.5,6.12,87.39013672,34.06066895,1010.21,34.79
04:08.6,6.12,87.48779297,34.04052734,1010.21,34.79
04:09.3,6.04,87.48779297,34.04052734,1010.18,34.79
04:09.6,6.04,87.68310547,34.04052734,1010.18,34.79
04:10.1,6.2,87.68310547,34.04052734,1010.18,34.79
04:10.6,6.2,87.88452148,34.04052734,1010.18,34.78
04:10.9,6.28,87.88452148,34.04052734,1010.18,34.78
04:11.6,6.28,87.88452148,34.03045654,1010.18,34.78
04:11.7,6.28,87.88452148,34.03045654,1010.18,34.78
04:12.5,6.12,87.88452148,34.03045654,1010.21,34.79
04:12.6,6.12,87.98217773,34.03045654,1010.21,34.79
04:13.3,6.52,87.98217773,34.03045654,1010.22,34.8
04:13.6,6.52,87.88452148,34.03045654,1010.22,34.8
04:14.1,6.44,87.88452148,34.03045654,1010.22,34.8
04:14.7,6.44,87.78076172,34.03045654,1010.21,34.8
04:14.9,6.44,87.78076172,34.03045654,1010.21,34.8
04:15.6,6.44,87.68310547,34.03045654,1010.21,34.81
04:15.7,6.44,87.68310547,34.03045654,1010.21,34.81
04:16.5,6.12,87.68310547,34.03045654,1010.21,34.81
04:16.6,6.12,87.68310547,34.03045654,1010.21,34.81
04:17.3,6.44,87.68310547,34.03045654,1010.21,34.8
04:17.7,6.44,87.58544922,34.03045654,1010.21,34.8
04:18.1,6.36,87.58544922,34.03045654,1010.21,34.8
04:18.7,6.36,87.48779297,34.04052734,1010.18,34.8
04:18.9,6.28,87.48779297,34.04052734,1010.18,34.8
04:19.7,6.28,87.39013672,34.03045654,1010.21,34.82
04:19.7,6.6,87.39013672,34.03045654,1010.21,34.82
04:20.5,6.44,87.39013672,34.03045654,1010.19,34.83
04:20.7,6.44,87.29248047,34.03045654,1010.19,34.83
04:21.3,6.6,87.29248047,34.03045654,1010.19,34.82
04:21.7,6.6,87.19482422,34.02038574,1010.19,34.82
04:22.1,6.44,87.19482422,34.02038574,1010.19,34.82
04:22.7,6.44,87.09716797,34.03045654,1010.16,34.81
04:22.9,6.44,87.09716797,34.03045654,1010.16,34.81
04:23.7,6.44,87.09716797,34.03045654,1010.21,34.81
04:23.7,6.44,87.09716797,34.03045654,1010.21,34.81
04:24.5,6.36,87.09716797,34.03045654,1010.23,34.83
04:24.7,6.36,87.09716797,34.03045654,1010.23,34.83
04:25.3,6.28,87.09716797,34.03045654,1010.24,34.82
04:25.7,6.28,87.09716797,34.00024414,1010.24,34.82
04:26.1,6.36,87.09716797,34.00024414,1010.24,34.82
04:26.7,6.36,87.09716797,34.02038574,1010.21,34.82
04:26.9,6.6,87.09716797,34.02038574,1010.21,34.82
04:27.7,6.6,87.09716797,34.03045654,1010.18,34.83
04:27.7,6.84,87.09716797,34.03045654,1010.18,34.83
04:28.5,6.92,87.09716797,34.03045654,1010.18,34.83
04:28.7,6.92,87.09716797,34.03045654,1010.18,34.83
04:29.3,7.08,87.09716797,34.03045654,1010.19,34.84
04:29.7,7.08,86.99951172,34.03045654,1010.19,34.84
04:30.1,7.08,86.99951172,34.03045654,1010.19,34.84
04:30.7,7.08,86.99951172,34.03045654,1010.23,34.85
04:30.9,7.08,86.99951172,34.03045654,1010.23,34.85
04:31.7,7.08,86.90185547,34.03045654,1010.18,34.83
04:31.7,7.16,86.90185547,34.03045654,1010.18,34.83
04:32.5,7.24,86.90185547,34.03045654,1010.21,34.83
04:32.7,7.24,86.90185547,34.02038574,1010.21,34.83
04:33.3,7.24,86.90185547,34.02038574,1010.18,34.83
04:33.7,7.24,86.80419922,34.02038574,1010.18,34.83
04:34.1,7.24,86.80419922,34.02038574,1010.18,34.83
04:34.7,7.24,86.70654297,33.98010254,1010.15,34.83
04:34.9,7.08,86.70654297,33.98010254,1010.15,34.83
04:35.7,7.08,86.60888672,34.00024414,1010.18,34.83
04:35.7,7.24,86.60888672,34.00024414,1010.18,34.83
04:36.5,7.24,86.60888672,34.00024414,1010.16,34.83
04:36.7,7.24,86.60888672,33.98010254,1010.16,34.83
04:37.3,7.24,86.60888672,33.98010254,1010.18,34.84
04:37.7,7.24,86.51123047,33.98010254,1010.18,34.84
04:38.1,7.24,86.51123047,33.98010254,1010.18,34.84
04:38.7,7.24,86.51123047,33.98010254,1010.19,34.84
04:38.9,7.16,86.51123047,33.98010254,1010.19,34.84
04:39.7,7.16,86.51123047,33.97003174,1010.18,34.83
04:39.7,7.24,86.51123047,33.97003174,1010.18,34.83
04:40.5,7.24,86.51123047,33.97003174,1010.19,34.84
04:40.7,7.24,86.4074707,33.94989014,1010.19,34.84
04:41.3,7.16,86.4074707,33.94989014,1010.19,34.85
04:41.7,7.16,86.30981445,33.98010254,1010.19,34.85
04:42.1,7.16,86.30981445,33.98010254,1010.19,34.85
04:42.7,7.16,86.30981445,33.97003174,1010.18,34.85
04:42.9,7.24,86.30981445,33.97003174,1010.18,34.85
04:43.7,7.32,86.30981445,33.97003174,1010.21,34.84
04:43.7,7.32,86.30981445,33.98010254,1010.21,34.84
04:44.5,7.16,86.30981445,33.98010254,1010.18,34.84
04:44.7,7.16,86.30981445,34.02038574,1010.18,34.84
04:45.3,7.16,86.30981445,34.02038574,1010.19,34.84
04:45.7,7.16,86.30981445,34.00024414,1010.19,34.84
04:46.1,7.08,86.30981445,34.00024414,1010.19,34.84
04:46.7,7.08,86.30981445,34.00024414,1010.16,34.84
04:46.9,7.24,86.30981445,34.00024414,1010.16,34.84
04:47.7,7.16,86.30981445,34.00024414,1010.21,34.83
04:47.7,7.16,86.30981445,33.98010254,1010.21,34.83
04:48.5,7.08,86.30981445,33.98010254,1010.16,34.83
04:48.7,7.08,86.2121582,34.00024414,1010.16,34.83
04:49.3,7.16,86.2121582,34.00024414,1010.21,34.84
04:49.7,7.16,86.2121582,33.98010254,1010.21,34.84
04:50.1,7.16,86.2121582,33.98010254,1010.21,34.84
04:50.7,7.16,86.2121582,34.00024414,1010.18,34.84
04:50.9,6.68,86.2121582,34.00024414,1010.18,34.84
04:51.7,7.4,86.2121582,34.00024414,1010.15,34.83
04:51.7,7.4,86.2121582,34.02038574,1010.15,34.83
04:52.5,7.25,86.2121582,34.02038574,1010.18,34.82
04:52.7,7.25,86.2121582,34.00024414,1010.18,34.82
04:53.3,7.16,86.2121582,34.00024414,1010.19,34.81
04:53.7,7.16,86.2121582,34.02038574,1010.19,34.81
04:54.1,7.24,86.2121582,34.02038574,1010.19,34.81
04:54.7,7.24,86.30981445,34.03045654,1010.2,34.83
04:54.9,7.24,86.30981445,34.03045654,1010.2,34.83
04:55.7,7.32,86.30981445,34.03045654,1010.18,34.82
04:55.7,7.32,86.30981445,34.02038574,1010.18,34.82
04:56.5,7.32,86.30981445,34.02038574,1010.18,34.82
04:56.7,7.32,86.30981445,34.03045654,1010.18,34.82
04:57.3,7.4,86.30981445,34.03045654,1010.22,34.82
04:57.7,7.4,86.4074707,34.03045654,1010.22,34.82
04:58.1,7.16,86.4074707,34.03045654,1010.22,34.82
04:58.7,7.16,86.4074707,34.02038574,1010.21,34.81
04:58.9,7.24,86.4074707,34.02038574,1010.21,34.81
04:59.7,7.24,86.4074707,34.02038574,1010.16,34.81
04:59.7,7.24,86.30981445,34.02038574,1010.16,34.81
05:00.5,6.76,86.30981445,34.02038574,1010.16,34.81
05:00.7,6.76,86.30981445,34.02038574,1010.16,34.81
05:01.3,6.76,86.30981445,34.02038574,1010.18,34.82
05:01.7,6.76,86.30981445,34.02038574,1010.18,34.82
05:02.1,6.52,86.30981445,34.02038574,1010.18,34.82
05:02.7,6.52,86.30981445,34.03045654,1010.22,34.8
05:02.9,6.44,86.30981445,34.03045654,1010.22,34.8
05:03.7,6.44,86.30981445,34.03045654,1010.22,34.81
05:03.7,6.44,86.4074707,34.03045654,1010.22,34.81
05:04.5,6.84,86.4074707,34.03045654,1010.2,34.81
05:04.7,6.84,86.4074707,34.04052734,1010.2,34.81
05:05.3,6.92,86.4074707,34.04052734,1010.2,34.81
05:05.7,6.92,86.51123047,34.04052734,1010.21,34.81
05:06.1,7.16,86.51123047,34.04052734,1010.21,34.81
05:06.7,7.16,86.60888672,34.04052734,1010.21,34.8
05:06.9,7,86.60888672,34.04052734,1010.21,34.8
05:07.7,6.84,86.60888672,34.04052734,1010.16,34.81
05:07.7,6.84,86.60888672,34.03045654,1010.16,34.81
05:08.5,5.8,86.60888672,34.03045654,1010.2,34.82
05:08.7,5.8,86.60888672,34.03045654,1010.2,34.82
05:09.3,5.48,86.60888672,34.03045654,1010.2,34.82
05:09.7,5.48,86.60888672,34.04052734,1010.2,34.81
05:10.1,5.8,86.60888672,34.04052734,1010.2,34.81
05:10.7,5.8,86.60888672,34.03045654,1010.2,34.8
05:10.9,5.15,86.60888672,34.03045654,1010.2,34.8
05:11.7,5.15,86.60888672,34.03045654,1010.18,34.81
05:11.7,5.15,86.70654297,34.03045654,1010.18,34.81
05:12.5,4.99,86.70654297,34.03045654,1010.21,34.81
05:12.7,4.99,86.80419922,34.02038574,1010.21,34.81
05:13.3,4.99,86.80419922,34.02038574,1010.21,34.81
05:13.7,4.99,86.99951172,34.02038574,1010.24,34.8
05:14.1,4.91,86.99951172,34.02038574,1010.24,34.8
05:14.7,4.91,87.19482422,34.03045654,1010.18,34.79
05:14.9,5,87.19482422,34.03045654,1010.18,34.79
05:15.7,5.15,87.19482422,34.03045654,1010.21,34.78
05:15.7,5.15,87.29248047,34.02038574,1010.21,34.78
05:16.5,5.32,87.29248047,34.02038574,1010.21,34.78
05:16.7,5.32,87.58544922,33.98010254,1010.21,34.78
05:17.3,5.4,87.58544922,33.98010254,1010.21,34.78
05:17.7,5.4,87.88452148,33.94989014,1010.26,34.75
05:18.1,5.56,87.88452148,33.94989014,1010.26,34.75
05:18.7,5.56,88.37280273,33.91967773,1010.22,34.73
05:18.9,5.72,88.37280273,33.91967773,1010.22,34.73
05:19.7,6.92,88.37280273,33.91967773,1010.24,34.73
05:19.8,6.92,88.95874023,33.87939453,1010.24,34.73
05:20.5,6.68,88.95874023,33.87939453,1010.22,34.7
05:20.7,6.68,89.453125,33.84918213,1010.22,34.7
05:21.3,6.28,89.453125,33.84918213,1010.22,34.7
05:21.7,6.28,89.94140625,33.84918213,1010.22,34.68
05:22.1,6.84,89.94140625,33.84918213,1010.22,34.68
05:22.8,6.84,90.52734375,33.81896973,1010.27,34.69
05:22.9,7,90.52734375,33.81896973,1010.27,34.69
05:23.7,7,90.52734375,33.81896973,1010.23,34.66
05:23.8,7,91.11938477,33.81896973,1010.23,34.66
05:24.5,7,91.11938477,33.81896973,1010.21,34.65
05:24.8,7,91.56494141,33.75854492,1010.21,34.65
05:25.3,7.24,91.56494141,33.75854492,1010.21,34.65
05:25.8,7.24,92.05322266,33.72833252,1010.26,34.65
05:26.1,7.48,92.05322266,33.72833252,1010.26,34.65
05:26.8,7.48,92.54760742,33.75854492,1010.23,34.61
05:26.9,7.08,92.54760742,33.75854492,1010.23,34.61
05:27.7,5.88,92.54760742,33.75854492,1010.22,34.6
05:27.8,5.88,93.03588867,33.71826172,1010.22,34.6
05:28.5,5.16,93.03588867,33.71826172,1010.24,34.6
05:28.8,5.16,93.52416992,33.72833252,1010.24,34.6
05:29.3,4.51,93.52416992,33.72833252,1010.24,34.6
05:29.8,4.51,93.81713867,33.68804932,1010.27,34.61
05:30.1,3.54,93.81713867,33.68804932,1010.27,34.61
05:30.8,3.54,94.11621094,33.65783691,1010.27,34.61
05:30.9,4.91,94.11621094,33.65783691,1010.27,34.61
05:31.7,4.99,94.11621094,33.65783691,1010.26,34.59
05:31.8,4.99,94.31152344,33.66790771,1010.26,34.59
05:32.5,4.75,94.31152344,33.66790771,1010.22,34.58
05:32.8,4.75,94.50683594,33.65783691,1010.22,34.58
05:33.3,4.99,94.50683594,33.65783691,1010.22,34.58
05:33.8,4.99,94.70214844,33.59741211,1010.29,34.59
05:34.1,4.91,94.70214844,33.59741211,1010.29,34.59
05:34.8,4.91,94.79980469,33.59741211,1010.24,34.58
05:34.9,5.96,94.79980469,33.59741211,1010.24,34.58
05:35.7,7.16,94.79980469,33.59741211,1010.27,34.59
05:35.8,7.16,94.79980469,33.57727051,1010.27,34.59
05:36.5,7.16,94.79980469,33.57727051,1010.24,34.59
05:36.8,7.16,94.89746094,33.59741211,1010.24,34.59
05:37.3,7.4,94.89746094,33.59741211,1010.24,34.59
05:37.8,7.4,94.89746094,33.57727051,1010.26,34.61
05:38.1,7.32,94.89746094,33.57727051,1010.26,34.61
05:38.8,7.32,94.79980469,33.59741211,1010.24,34.62
05:38.9,7.08,94.79980469,33.59741211,1010.24,34.62
05:39.7,7,94.79980469,33.59741211,1010.29,34.62
05:39.8,7,94.70214844,33.57727051,1010.29,34.62
05:40.5,7.4,94.70214844,33.57727051,1010.22,34.62
05:40.8,7.4,94.60449219,33.56719971,1010.22,34.62
05:41.3,7.4,94.60449219,33.56719971,1010.22,34.62
05:41.8,7.4,94.40917969,33.57727051,1010.29,34.63
05:42.1,7.32,94.40917969,33.57727051,1010.29,34.63
05:42.8,7.32,94.21386719,33.57727051,1010.26,34.64
05:42.9,7.32,94.21386719,33.57727051,1010.26,34.64
05:43.7,7.24,94.21386719,33.57727051,1010.24,34.63
05:43.8,7.24,94.01245117,33.59741211,1010.24,34.63
05:44.5,7.32,94.01245117,33.59741211,1010.27,34.65
05:44.8,7.32,93.71948242,33.57727051,1010.27,34.65
05:45.3,7.32,93.71948242,33.57727051,1010.27,34.65
05:45.8,7.32,93.52416992,33.57727051,1010.24,34.64
05:46.1,7.08,93.52416992,33.57727051,1010.24,34.64
05:46.8,7.08,93.23120117,33.59741211,1010.24,34.62
05:46.9,7.16,93.23120117,33.59741211,1010.24,34.62
05:47.7,7.24,93.23120117,33.59741211,1010.24,34.62
05:47.8,7.24,93.03588867,33.62762451,1010.24,34.62
05:48.5,5.07,93.03588867,33.62762451,1010.27,34.62
05:48.8,5.07,92.84057617,33.60748291,1010.27,34.62
05:49.3,7.16,92.84057617,33.60748291,1010.27,34.62
05:49.8,7.16,92.54760742,33.64776611,1010.21,34.62
05:50.1,7.16,92.54760742,33.64776611,1010.21,34.62
05:50.8,7.16,92.34619141,33.60748291,1010.22,34.63
05:50.9,7.16,92.34619141,33.60748291,1010.22,34.63
05:51.7,7.08,92.34619141,33.60748291,1010.21,34.63
05:51.8,7.08,92.05322266,33.62762451,1010.21,34.63
05:52.5,6.84,92.05322266,33.62762451,1010.22,34.65
05:52.8,6.84,91.76025391,33.59741211,1010.22,34.65
05:53.3,7.41,91.76025391,33.59741211,1010.22,34.65
05:53.8,7.41,91.46728516,33.62762451,1010.19,34.64
05:54.1,7.08,91.46728516,33.62762451,1010.19,34.64
05:54.8,7.08,91.27197266,33.64776611,1010.21,34.65
05:54.9,7.4,91.27197266,33.64776611,1010.21,34.65
05:55.7,7.33,91.27197266,33.64776611,1010.21,34.66
05:55.8,7.33,91.07666016,33.62762451,1010.21,34.66
05:56.5,7.32,91.07666016,33.62762451,1010.21,34.66
05:56.8,7.32,90.97900391,33.64776611,1010.21,34.66
05:57.3,7.4,90.97900391,33.64776611,1010.21,34.66
05:57.8,7.4,90.87524414,33.65783691,1010.29,34.67
05:58.1,6.84,90.87524414,33.65783691,1010.29,34.67
05:58.8,6.84,90.87524414,33.64776611,1010.21,34.66
05:58.9,7.4,90.87524414,33.64776611,1010.21,34.66
05:59.7,7,90.87524414,33.64776611,1010.22,34.67
05:59.8,7,90.77758789,33.64776611,1010.22,34.67
06:00.5,6.76,90.77758789,33.64776611,1010.23,34.68
06:00.8,6.76,90.77758789,33.64776611,1010.23,34.68
06:01.3,6.68,90.77758789,33.64776611,1010.23,34.68
06:01.8,6.68,90.77758789,33.65783691,1010.29,34.69
06:02.1,7,90.77758789,33.65783691,1010.29,34.69
06:02.8,7,90.77758789,33.65783691,1010.21,34.68
06:02.9,6.6,90.77758789,33.65783691,1010.21,34.68
06:03.7,6.52,90.77758789,33.65783691,1010.24,34.7
06:03.8,6.52,90.67993164,33.65783691,1010.24,34.7
06:04.5,7.08,90.67993164,33.65783691,1010.27,34.71
06:04.8,7.08,90.58227539,33.66790771,1010.27,34.71
06:05.3,6.84,90.58227539,33.66790771,1010.27,34.71
06:05.8,6.84,90.48461914,33.66790771,1010.29,34.73
06:06.1,6.44,90.48461914,33.66790771,1010.29,34.73
06:06.8,6.44,90.28930664,33.66790771,1010.24,34.73
06:06.9,7.4,90.28930664,33.66790771,1010.24,34.73
06:07.7,7.32,90.28930664,33.66790771,1010.28,34.73
06:07.8,7.32,90.09399414,33.69812012,1010.28,34.73
06:08.5,6.92,90.09399414,33.69812012,1010.34,34.73
06:08.8,6.92,89.89868164,33.71826172,1010.34,34.73
06:09.3,7,89.89868164,33.71826172,1010.34,34.73
06:09.8,7,89.70336914,33.72833252,1010.21,34.72
06:10.1,7.33,89.70336914,33.72833252,1010.21,34.72
06:10.8,7.33,89.50805664,33.74847412,1010.24,34.73
06:10.9,7.24,89.50805664,33.74847412,1010.24,34.73
06:11.7,7.24,89.50805664,33.74847412,1010.27,34.73
06:11.8,7.24,89.30664063,33.74847412,1010.27,34.73
06:12.5,7.32,89.30664063,33.74847412,1010.28,34.73
06:12.8,7.32,89.20898438,33.75854492,1010.28,34.73
06:13.3,6.92,89.20898438,33.75854492,1010.28,34.73
06:13.8,6.92,89.01367188,33.75854492,1010.27,34.73
06:14.1,7.32,89.01367188,33.75854492,1010.27,34.73
06:14.8,7.32,88.91601563,33.76861572,1010.21,34.74
06:14.9,7.16,88.91601563,33.76861572,1010.21,34.74
06:15.7,7,88.91601563,33.76861572,1010.29,34.74
06:15.8,7,88.72070313,33.76861572,1010.29,34.74
06:16.5,6.92,88.72070313,33.76861572,1010.29,34.74
06:16.8,6.92,88.62304688,33.76861572,1010.22,34.74
06:17.3,7.16,88.62304688,33.76861572,1010.22,34.74
06:17.8,7.16,88.56811523,33.80889893,1010.26,34.76
06:18.1,7.08,88.56811523,33.80889893,1010.26,34.76
06:18.8,7.08,88.47045898,33.80889893,1010.29,34.77
06:18.9,7,88.47045898,33.80889893,1010.29,34.77
06:19.7,6.92,88.47045898,33.80889893,1010.26,34.76
06:19.8,6.92,88.37280273,33.81896973,1010.26,34.76
06:20.5,6.92,88.37280273,33.81896973,1010.26,34.76
06:20.8,6.92,88.37280273,33.81896973,1010.28,34.77
06:21.3,6.36,88.37280273,33.81896973,1010.28,34.77
06:21.8,6.36,88.27514648,33.80889893,1010.26,34.78